id,sort,rank,title,rating,rating_count,year,url,genres
tt2560140,popularity,1,Shingeki no kyojin,9.1,691912,2013.0,https://www.imdb.com/title/tt2560140/,Animation|Action|Adventure
tt12343534,popularity,2,Jujutsu Kaisen,8.5,189010,2020.0,https://www.imdb.com/title/tt12343534/,Animation|Action|Adventure
tt22248376,popularity,3,Sôsô no Furîren,8.9,67529,2023.0,https://www.imdb.com/title/tt22248376/,Animation|Adventure|Comedy
tt10233448,popularity,4,Vinland Saga,8.8,128976,2019.0,https://www.imdb.com/title/tt10233448/,Animation|Action|Adventure
tt5626028,popularity,5,Boku no Hîrô Akademia,8.2,116044,2018.0,https://www.imdb.com/title/tt5626028/,Animation|Action|Adventure
tt0877057,popularity,6,Death Note: Desu nôto,8.9,468861,2007.0,https://www.imdb.com/title/tt0877057/,Animation|Crime|Drama
tt9335498,popularity,7,Kimetsu no Yaiba,8.6,219069,2021.0,https://www.imdb.com/title/tt9335498/,Animation|Action|Adventure
tt2098220,popularity,8,Hunter x Hunter,9.0,187509,2016.0,https://www.imdb.com/title/tt2098220/,Animation|Action|Adventure
tt1355642,popularity,9,Hagane no renkinjutsushi,9.1,243125,2009.0,https://www.imdb.com/title/tt1355642/,Animation|Action|Adventure
tt21209876,popularity,10,Ore dake reberu appu na ken,8.5,104977,2024.0,https://www.imdb.com/title/tt21209876/,Animation|Action|Adventure
tt13911284,popularity,11,Jigokuraku,8.1,26957,2023.0,https://www.imdb.com/title/tt13911284/,Animation|Action|Adventure
tt0988824,popularity,12,Naruto: Shippûden,8.7,217267,2009.0,https://www.imdb.com/title/tt0988824/,Animation|Action|Adventure
tt32536168,popularity,13,Yûsha-kei ni Shosu Chôbatsu Yûsha 9004-tai Keimu Kiroku,8.4,2893,2026.0,https://www.imdb.com/title/tt32536168/,Animation|Action|Adventure
tt2359704,popularity,14,JoJo no Kimyô na Bôken,8.5,51183,2012.0,https://www.imdb.com/title/tt2359704/,Animation|Action|Adventure
tt4508902,popularity,15,One Punch Man: Wanpanman,8.6,221886,2015.0,https://www.imdb.com/title/tt4508902/,Animation|Action|Comedy
tt0409591,popularity,16,Naruto,8.4,163390,2005.0,https://www.imdb.com/title/tt0409591/,Animation|Action|Adventure
tt0994314,popularity,17,Kôdo Giasu: Hangyaku no Rurûshu,8.7,101012,,https://www.imdb.com/title/tt0994314/,Animation|Action|Drama
tt0434706,popularity,18,Monster,8.7,67444,2004.0,https://www.imdb.com/title/tt0434706/,Animation|Crime|Drama
tt0434665,popularity,19,Bleach,8.2,89694,2006.0,https://www.imdb.com/title/tt0434665/,Animation|Action|Adventure
tt13616990,popularity,20,Chainsaw Man,8.3,97266,2022.0,https://www.imdb.com/title/tt13616990/,Animation|Action|Comedy
tt9307686,popularity,21,Enen no Shôbôtai,7.6,17647,2019.0,https://www.imdb.com/title/tt9307686/,Animation|Action|Drama
tt14986406,popularity,22,Bleach: Sennen Kessen-hen,9.0,73289,2022.0,https://www.imdb.com/title/tt14986406/,Animation|Action|Adventure
tt12590266,popularity,23,Cyberpunk: Edgerunners,8.3,121577,2022.0,https://www.imdb.com/title/tt12590266/,Animation|Action|Adventure
tt7441658,popularity,24,Black Clover,8.2,47461,2017.0,https://www.imdb.com/title/tt7441658/,Animation|Action|Adventure
tt5607616,popularity,25,Re:Zero kara Hajimeru Isekai Seikatsu,8.1,39436,2016.0,https://www.imdb.com/title/tt5607616/,Animation|Adventure|Drama
tt32864316,popularity,26,Fate/strange Fake,8.3,1110,2024.0,https://www.imdb.com/title/tt32864316/,Animation|Action|Adventure
tt32612521,popularity,27,Gachiakuta,8.0,11323,2025.0,https://www.imdb.com/title/tt32612521/,Animation|Action|Adventure
tt14153236,popularity,28,Terminator Zero,6.9,13257,2024.0,https://www.imdb.com/title/tt14153236/,Animation|Action|Adventure
tt1910272,popularity,29,Steins;Gate,8.8,90568,2011.0,https://www.imdb.com/title/tt1910272/,Animation|Comedy|Drama
tt30217403,popularity,30,Dandadan,8.3,51454,2024.0,https://www.imdb.com/title/tt30217403/,Animation|Action|Adventure
tt0988818,popularity,31,Gintama,8.7,20494,,https://www.imdb.com/title/tt0988818/,Animation|Action|Comedy
tt26743760,popularity,32,Kusuriya no Hitorigoto,8.6,22476,2023.0,https://www.imdb.com/title/tt26743760/,Animation|Drama|History
tt13706018,popularity,33,Supai Famirî,8.2,59800,2022.0,https://www.imdb.com/title/tt13706018/,Animation|Action|Comedy
tt5897304,popularity,34,Mob Psycho 100,8.5,64638,2018.0,https://www.imdb.com/title/tt5897304/,Animation|Action|Comedy
tt0373732,popularity,35,The Boondocks,8.5,41005,2005.0,https://www.imdb.com/title/tt0373732/,Animation|Action|Comedy
tt3398540,popularity,36,Haikyû!!,8.7,51821,2014.0,https://www.imdb.com/title/tt3398540/,Animation|Comedy|Drama
tt21030032,popularity,37,Oshi no Ko,8.2,14980,2023.0,https://www.imdb.com/title/tt21030032/,Animation|Drama|Fantasy
tt3741634,popularity,38,Tokyo Ghoul,7.7,80128,2014.0,https://www.imdb.com/title/tt3741634/,Animation|Action|Drama
tt13293588,popularity,39,Mushoku Tensei: Isekai Ittara Honki Dasu,8.2,35340,2022.0,https://www.imdb.com/title/tt13293588/,Animation|Action|Adventure
tt9679542,popularity,41,Dr.STONE,8.1,41227,2019.0,https://www.imdb.com/title/tt9679542/,Animation|Action|Adventure
tt5249462,popularity,42,Boku dake ga inai machi,8.4,72747,2016.0,https://www.imdb.com/title/tt5249462/,Animation|Crime|Drama
tt21975436,popularity,43,Kaiju No. 8,8.2,30443,2024.0,https://www.imdb.com/title/tt21975436/,Animation|Action|Adventure
tt36988358,popularity,44,Takopii no genzai,8.7,24491,2025.0,https://www.imdb.com/title/tt36988358/,Animation|Drama|Sci-Fi
tt3895150,popularity,45,Shigatsu wa kimi no uso,8.5,48589,2014.0,https://www.imdb.com/title/tt3895150/,Animation|Comedy|Drama
tt8788458,popularity,46,Yakusoku no Neverland,8.1,57146,2019.0,https://www.imdb.com/title/tt8788458/,Animation|Action|Adventure
tt39050141,popularity,47,Purizumu Rondo,8.3,1303,2026.0,https://www.imdb.com/title/tt39050141/,Animation|Drama|History
tt7078180,popularity,48,Violet Evergarden,8.4,39704,2020.0,https://www.imdb.com/title/tt7078180/,Animation|Drama|Fantasy
tt1214085,popularity,49,Sôru îtâ,7.7,16504,2008.0,https://www.imdb.com/title/tt1214085/,Animation|Action|Adventure
tt32550889,popularity,50,Tongari Bôshi no Atorie,8.4,19,,https://www.imdb.com/title/tt32550889/,Animation|Adventure|Drama
tt9522300,popularity,51,Kaguya-sama wa kokurasetai ~ Tensai tachi no ren&apos;ai zunô sen ~,8.5,28175,2019.0,https://www.imdb.com/title/tt9522300/,Animation|Comedy|Drama
tt4644488,popularity,52,Dragon Ball Super: Doragon bôru cho,8.3,44611,2017.0,https://www.imdb.com/title/tt4644488/,Animation|Action|Adventure
tt15222080,popularity,53,Burû Rokku,8.1,30377,2022.0,https://www.imdb.com/title/tt15222080/,Animation|Sport|Thriller
tt36592690,popularity,54,Kaoru Hana wa Rin to Saku,8.3,10992,2025.0,https://www.imdb.com/title/tt36592690/,Animation|Comedy|Drama
tt2250192,popularity,56,Sword Art Online,7.5,61559,2012.0,https://www.imdb.com/title/tt2250192/,Animation|Action|Adventure
tt0421357,popularity,57,Hagane no renkinjutsushi,8.5,85466,2004.0,https://www.imdb.com/title/tt0421357/,Animation|Action|Adventure
tt9054364,popularity,58,Tensei Shitara Suraimu Datta Ken,8.0,22734,2018.0,https://www.imdb.com/title/tt9054364/,Animation|Action|Adventure
tt7222086,popularity,59,Made in Abyss,8.3,20608,2017.0,https://www.imdb.com/title/tt7222086/,Animation|Action|Adventure
tt2404499,popularity,60,Kingdom,8.8,6196,2012.0,https://www.imdb.com/title/tt2404499/,Animation|Action|Drama
tt0481256,popularity,61,Hajime no Ippo,8.8,17151,2000.0,https://www.imdb.com/title/tt0481256/,Animation|Action|Comedy
tt14115938,popularity,62,Kage no Jitsuryokusha ni Naritakute!,7.7,13938,2022.0,https://www.imdb.com/title/tt14115938/,Animation|Action|Adventure
tt3358020,popularity,63,Kiseijû: Sei no kakuritsu,8.2,61388,2016.0,https://www.imdb.com/title/tt3358020/,Animation|Action|Drama
tt17069148,popularity,64,Sakamoto Deizu,7.5,15437,2025.0,https://www.imdb.com/title/tt17069148/,Animation|Action|Adventure
tt16156736,popularity,65,Mato Seihei no Slave,6.2,2512,2024.0,https://www.imdb.com/title/tt16156736/,Animation|Action|Fantasy
tt33028568,popularity,66,Hikaru ga Shinda Natsu,7.9,6373,2025.0,https://www.imdb.com/title/tt33028568/,Animation|Drama|Horror
tt8225204,popularity,67,Golden Kamuy,8.0,3473,2018.0,https://www.imdb.com/title/tt8225204/,Animation|Action|Adventure
tt9458304,popularity,68,Dororo,8.2,28462,2019.0,https://www.imdb.com/title/tt9458304/,Animation|Action|Adventure
tt13718450,popularity,69,86,8.2,14019,2021.0,https://www.imdb.com/title/tt13718450/,Animation|Action|Drama
tt7263328,popularity,70,Yôkoso jitsuryoku shijô shugi no kyôshitsu e,7.7,22020,2017.0,https://www.imdb.com/title/tt7263328/,Animation|Drama|Thriller
tt0948103,popularity,71,Tengen toppa gurren lagann,8.3,25839,2007.0,https://www.imdb.com/title/tt0948103/,Animation|Action|Adventure
tt21621494,popularity,72,Danjon meshi,8.0,13734,2024.0,https://www.imdb.com/title/tt21621494/,Animation|Adventure|Comedy
tt0423731,popularity,73,Samurai Chanpurû,8.5,62899,2005.0,https://www.imdb.com/title/tt0423731/,Animation|Action|Adventure
tt15716776,popularity,74,Devil May Cry,7.4,28111,2025.0,https://www.imdb.com/title/tt15716776/,Animation|Action|Adventure
tt1773185,popularity,75,Mahô shôjo Madoka magika: Puella Magi Madoka Magica,8.2,13708,2011.0,https://www.imdb.com/title/tt1773185/,Animation|Action|Adventure
tt13196080,popularity,76,Tôkyô Ribenjâzu,7.7,32748,2021.0,https://www.imdb.com/title/tt13196080/,Animation|Action|Drama
tt0810705,popularity,77,Nana,8.5,8862,2006.0,https://www.imdb.com/title/tt0810705/,Animation|Comedy|Drama
tt15765670,popularity,78,Sono bisuku dôru wa koi o suru,7.9,24648,2022.0,https://www.imdb.com/title/tt15765670/,Animation|Comedy|Romance
tt12063450,popularity,79,Fumetsu no Anata e,8.3,12515,2021.0,https://www.imdb.com/title/tt12063450/,Animation|Adventure|Drama
tt0343314,popularity,80,Teen Titans,7.9,42768,2003.0,https://www.imdb.com/title/tt0343314/,Animation|Action|Adventure
tt26737616,popularity,81,Pluto,8.1,19622,2023.0,https://www.imdb.com/title/tt26737616/,Animation|Action|Drama
tt7745956,popularity,82,She-Ra and the Princesses of Power,8.1,21994,2018.0,https://www.imdb.com/title/tt7745956/,Animation|Action|Adventure
tt3909224,popularity,83,Nanatsu no taizai,7.7,45351,2015.0,https://www.imdb.com/title/tt3909224/,Animation|Action|Adventure
tt3742982,popularity,84,Akame ga Kill!,7.7,36908,2016.0,https://www.imdb.com/title/tt3742982/,Animation|Action|Comedy
tt8993398,popularity,85,Seishun buta yaro wa Bunny Girl-senpai no yume wo minai,8.0,24840,2018.0,https://www.imdb.com/title/tt8993398/,Animation|Drama|Fantasy
tt13676344,popularity,86,Shûmatsu no Valkyrie,6.6,12472,2021.0,https://www.imdb.com/title/tt13676344/,Animation|Action|Adventure
tt6660498,popularity,87,Devilman: Crybaby,7.6,35210,2018.0,https://www.imdb.com/title/tt6660498/,Animation|Action|Drama
tt6342474,popularity,88,Boruto: Naruto Next Generations,6.3,34174,2017.0,https://www.imdb.com/title/tt6342474/,Animation|Action|Adventure
tt1528406,popularity,89,Fairy Tail,7.9,31898,2011.0,https://www.imdb.com/title/tt1528406/,Animation|Action|Adventure
tt21209804,popularity,90,Mashle: Magic and Muscles,7.5,15780,2023.0,https://www.imdb.com/title/tt21209804/,Animation|Action|Adventure
tt37532731,popularity,91,Seihantai na Kimi to Boku,8.2,438,2026.0,https://www.imdb.com/title/tt37532731/,Animation|Comedy|Romance
tt4917066,popularity,92,Kangoku gakuen,7.5,9878,2015.0,https://www.imdb.com/title/tt4917066/,Animation|Comedy
tt13103134,popularity,93,Hori-san to Miyamura-kun,8.0,23523,2021.0,https://www.imdb.com/title/tt13103134/,Animation|Comedy|Drama
tt36294552,popularity,94,Trigun Stargaze,7.2,150,2026.0,https://www.imdb.com/title/tt36294552/,Animation|Action|Adventure
tt32336365,popularity,95,Ikoku Nikki,8.8,302,2026.0,https://www.imdb.com/title/tt32336365/,Animation|Drama
tt0495212,popularity,96,Hellsing Ultimate,8.2,30569,2006.0,https://www.imdb.com/title/tt0495212/,Animation|Action|Fantasy
tt9529546,popularity,97,Tate no Yuusha no Nariagari,7.7,22844,2019.0,https://www.imdb.com/title/tt9529546/,Animation|Action|Adventure
tt3837246,popularity,98,Ansatsu kyôshitsu,7.9,27380,2015.0,https://www.imdb.com/title/tt3837246/,Animation|Action|Comedy
tt0791205,popularity,99,Ergo Proxy,7.9,18561,2006.0,https://www.imdb.com/title/tt0791205/,Animation|Action|Adventure
tt2560140,popularity,101,Shingeki no kyojin,9.1,691912,2013.0,https://www.imdb.com/title/tt2560140/,Animation|Action|Adventure
tt12343534,popularity,102,Jujutsu Kaisen,8.5,189010,2020.0,https://www.imdb.com/title/tt12343534/,Animation|Action|Adventure
tt22248376,popularity,103,Sôsô no Furîren,8.9,67529,2023.0,https://www.imdb.com/title/tt22248376/,Animation|Adventure|Comedy
tt10233448,popularity,104,Vinland Saga,8.8,128976,2019.0,https://www.imdb.com/title/tt10233448/,Animation|Action|Adventure
tt5626028,popularity,105,Boku no Hîrô Akademia,8.2,116051,2018.0,https://www.imdb.com/title/tt5626028/,Animation|Action|Adventure
tt0877057,popularity,106,Death Note: Desu nôto,8.9,468861,2007.0,https://www.imdb.com/title/tt0877057/,Animation|Crime|Drama
tt9335498,popularity,107,Kimetsu no Yaiba,8.6,219083,2021.0,https://www.imdb.com/title/tt9335498/,Animation|Action|Adventure
tt2098220,popularity,108,Hunter x Hunter,9.0,187509,2016.0,https://www.imdb.com/title/tt2098220/,Animation|Action|Adventure
tt1355642,popularity,109,Hagane no renkinjutsushi,9.1,243125,2009.0,https://www.imdb.com/title/tt1355642/,Animation|Action|Adventure
tt21209876,popularity,110,Ore dake reberu appu na ken,8.5,104977,2024.0,https://www.imdb.com/title/tt21209876/,Animation|Action|Adventure
tt13911284,popularity,111,Jigokuraku,8.1,26957,2023.0,https://www.imdb.com/title/tt13911284/,Animation|Action|Adventure
tt0988824,popularity,112,Naruto: Shippûden,8.7,217277,2009.0,https://www.imdb.com/title/tt0988824/,Animation|Action|Adventure
tt32536168,popularity,113,Yûsha-kei ni Shosu Chôbatsu Yûsha 9004-tai Keimu Kiroku,8.4,2893,2026.0,https://www.imdb.com/title/tt32536168/,Animation|Action|Adventure
tt2359704,popularity,114,JoJo no Kimyô na Bôken,8.5,51183,2012.0,https://www.imdb.com/title/tt2359704/,Animation|Action|Adventure
tt4508902,popularity,115,One Punch Man: Wanpanman,8.6,221886,2015.0,https://www.imdb.com/title/tt4508902/,Animation|Action|Comedy
tt0409591,popularity,116,Naruto,8.4,163390,2005.0,https://www.imdb.com/title/tt0409591/,Animation|Action|Adventure
tt0994314,popularity,117,Kôdo Giasu: Hangyaku no Rurûshu,8.7,101016,,https://www.imdb.com/title/tt0994314/,Animation|Action|Drama
tt0434706,popularity,118,Monster,8.7,67444,2004.0,https://www.imdb.com/title/tt0434706/,Animation|Crime|Drama
tt0434665,popularity,119,Bleach,8.2,89694,2006.0,https://www.imdb.com/title/tt0434665/,Animation|Action|Adventure
tt13616990,popularity,120,Chainsaw Man,8.3,97277,2022.0,https://www.imdb.com/title/tt13616990/,Animation|Action|Comedy
tt9307686,popularity,121,Enen no Shôbôtai,7.6,17647,2019.0,https://www.imdb.com/title/tt9307686/,Animation|Action|Drama
tt14986406,popularity,122,Bleach: Sennen Kessen-hen,9.0,73293,2022.0,https://www.imdb.com/title/tt14986406/,Animation|Action|Adventure
tt12590266,popularity,123,Cyberpunk: Edgerunners,8.3,121588,2022.0,https://www.imdb.com/title/tt12590266/,Animation|Action|Adventure
tt7441658,popularity,124,Black Clover,8.2,47467,2017.0,https://www.imdb.com/title/tt7441658/,Animation|Action|Adventure
tt5607616,popularity,125,Re:Zero kara Hajimeru Isekai Seikatsu,8.1,39438,2016.0,https://www.imdb.com/title/tt5607616/,Animation|Adventure|Drama
tt32864316,popularity,126,Fate/strange Fake,8.3,1110,2024.0,https://www.imdb.com/title/tt32864316/,Animation|Action|Adventure
tt32612521,popularity,127,Gachiakuta,8.0,11329,2025.0,https://www.imdb.com/title/tt32612521/,Animation|Action|Adventure
tt14153236,popularity,128,Terminator Zero,6.9,13257,2024.0,https://www.imdb.com/title/tt14153236/,Animation|Action|Adventure
tt1910272,popularity,129,Steins;Gate,8.8,90568,2011.0,https://www.imdb.com/title/tt1910272/,Animation|Comedy|Drama
tt30217403,popularity,130,Dandadan,8.3,51454,2024.0,https://www.imdb.com/title/tt30217403/,Animation|Action|Adventure
tt0988818,popularity,131,Gintama,8.7,20494,,https://www.imdb.com/title/tt0988818/,Animation|Action|Comedy
tt26743760,popularity,132,Kusuriya no Hitorigoto,8.6,22476,2023.0,https://www.imdb.com/title/tt26743760/,Animation|Drama|History
tt13706018,popularity,133,Supai Famirî,8.2,59803,2022.0,https://www.imdb.com/title/tt13706018/,Animation|Action|Comedy
tt5897304,popularity,134,Mob Psycho 100,8.5,64638,2018.0,https://www.imdb.com/title/tt5897304/,Animation|Action|Comedy
tt0373732,popularity,135,The Boondocks,8.5,41005,2005.0,https://www.imdb.com/title/tt0373732/,Animation|Action|Comedy
tt3398540,popularity,136,Haikyû!!,8.7,51821,2014.0,https://www.imdb.com/title/tt3398540/,Animation|Comedy|Drama
tt21030032,popularity,137,Oshi no Ko,8.2,14980,2023.0,https://www.imdb.com/title/tt21030032/,Animation|Drama|Fantasy
tt3741634,popularity,138,Tokyo Ghoul,7.7,80128,2014.0,https://www.imdb.com/title/tt3741634/,Animation|Action|Drama
tt13293588,popularity,139,Mushoku Tensei: Isekai Ittara Honki Dasu,8.2,35340,2022.0,https://www.imdb.com/title/tt13293588/,Animation|Action|Adventure
tt1695360,popularity,140,The Legend of Korra,8.3,149296,2012.0,https://www.imdb.com/title/tt1695360/,Animation|Action|Adventure
tt9679542,popularity,141,Dr.STONE,8.1,41227,2019.0,https://www.imdb.com/title/tt9679542/,Animation|Action|Adventure
tt5249462,popularity,142,Boku dake ga inai machi,8.4,72748,2016.0,https://www.imdb.com/title/tt5249462/,Animation|Crime|Drama
tt21975436,popularity,143,Kaiju No. 8,8.2,30443,2024.0,https://www.imdb.com/title/tt21975436/,Animation|Action|Adventure
tt36988358,popularity,144,Takopii no genzai,8.7,24491,2025.0,https://www.imdb.com/title/tt36988358/,Animation|Drama|Sci-Fi
tt3895150,popularity,145,Shigatsu wa kimi no uso,8.5,48589,2014.0,https://www.imdb.com/title/tt3895150/,Animation|Comedy|Drama
tt8788458,popularity,146,Yakusoku no Neverland,8.1,57146,2019.0,https://www.imdb.com/title/tt8788458/,Animation|Action|Adventure
tt39050141,popularity,147,Purizumu Rondo,8.3,1303,2026.0,https://www.imdb.com/title/tt39050141/,Animation|Drama|History
tt7078180,popularity,148,Violet Evergarden,8.4,39704,2020.0,https://www.imdb.com/title/tt7078180/,Animation|Drama|Fantasy
tt1214085,popularity,149,Sôru îtâ,7.7,16504,2008.0,https://www.imdb.com/title/tt1214085/,Animation|Action|Adventure
tt32550889,popularity,150,Tongari Bôshi no Atorie,8.4,19,,https://www.imdb.com/title/tt32550889/,Animation|Adventure|Drama
tt9522300,popularity,151,Kaguya-sama wa kokurasetai ~ Tensai tachi no ren&apos;ai zunô sen ~,8.5,28175,2019.0,https://www.imdb.com/title/tt9522300/,Animation|Comedy|Drama
tt15222080,popularity,153,Burû Rokku,8.1,30377,2022.0,https://www.imdb.com/title/tt15222080/,Animation|Sport|Thriller
tt36592690,popularity,154,Kaoru Hana wa Rin to Saku,8.3,10992,2025.0,https://www.imdb.com/title/tt36592690/,Animation|Comedy|Drama
tt33044444,popularity,155,Chi. Chikyuu no Undou ni Tsuite,8.4,6208,2024.0,https://www.imdb.com/title/tt33044444/,Animation|Drama|History
tt2250192,popularity,156,Sword Art Online,7.5,61559,2012.0,https://www.imdb.com/title/tt2250192/,Animation|Action|Adventure
tt0421357,popularity,157,Hagane no renkinjutsushi,8.5,85466,2004.0,https://www.imdb.com/title/tt0421357/,Animation|Action|Adventure
tt9054364,popularity,158,Tensei Shitara Suraimu Datta Ken,8.0,22734,2018.0,https://www.imdb.com/title/tt9054364/,Animation|Action|Adventure
tt7222086,popularity,159,Made in Abyss,8.3,20608,2017.0,https://www.imdb.com/title/tt7222086/,Animation|Action|Adventure
tt2404499,popularity,160,Kingdom,8.8,6196,2012.0,https://www.imdb.com/title/tt2404499/,Animation|Action|Drama
tt0481256,popularity,161,Hajime no Ippo,8.8,17151,2000.0,https://www.imdb.com/title/tt0481256/,Animation|Action|Comedy
tt14115938,popularity,162,Kage no Jitsuryokusha ni Naritakute!,7.7,13938,2022.0,https://www.imdb.com/title/tt14115938/,Animation|Action|Adventure
tt3358020,popularity,163,Kiseijû: Sei no kakuritsu,8.2,61388,2016.0,https://www.imdb.com/title/tt3358020/,Animation|Action|Drama
tt17069148,popularity,164,Sakamoto Deizu,7.5,15437,2025.0,https://www.imdb.com/title/tt17069148/,Animation|Action|Adventure
tt16156736,popularity,165,Mato Seihei no Slave,6.2,2512,2024.0,https://www.imdb.com/title/tt16156736/,Animation|Action|Fantasy
tt33028568,popularity,166,Hikaru ga Shinda Natsu,7.9,6373,2025.0,https://www.imdb.com/title/tt33028568/,Animation|Drama|Horror
tt8225204,popularity,167,Golden Kamuy,8.0,3473,2018.0,https://www.imdb.com/title/tt8225204/,Animation|Action|Adventure
tt9458304,popularity,168,Dororo,8.2,28462,2019.0,https://www.imdb.com/title/tt9458304/,Animation|Action|Adventure
tt13718450,popularity,169,86,8.2,14019,2021.0,https://www.imdb.com/title/tt13718450/,Animation|Action|Drama
tt7263328,popularity,170,Yôkoso jitsuryoku shijô shugi no kyôshitsu e,7.7,22020,2017.0,https://www.imdb.com/title/tt7263328/,Animation|Drama|Thriller
tt0948103,popularity,171,Tengen toppa gurren lagann,8.3,25839,2007.0,https://www.imdb.com/title/tt0948103/,Animation|Action|Adventure
tt21621494,popularity,172,Danjon meshi,8.0,13734,2024.0,https://www.imdb.com/title/tt21621494/,Animation|Adventure|Comedy
tt0423731,popularity,173,Samurai Chanpurû,8.5,62899,2005.0,https://www.imdb.com/title/tt0423731/,Animation|Action|Adventure
tt15716776,popularity,174,Devil May Cry,7.4,28111,2025.0,https://www.imdb.com/title/tt15716776/,Animation|Action|Adventure
tt1773185,popularity,175,Mahô shôjo Madoka magika: Puella Magi Madoka Magica,8.2,13708,2011.0,https://www.imdb.com/title/tt1773185/,Animation|Action|Adventure
tt13196080,popularity,176,Tôkyô Ribenjâzu,7.7,32748,2021.0,https://www.imdb.com/title/tt13196080/,Animation|Action|Drama
tt0810705,popularity,177,Nana,8.5,8862,2006.0,https://www.imdb.com/title/tt0810705/,Animation|Comedy|Drama
tt15765670,popularity,178,Sono bisuku dôru wa koi o suru,7.9,24648,2022.0,https://www.imdb.com/title/tt15765670/,Animation|Comedy|Romance
tt12063450,popularity,179,Fumetsu no Anata e,8.3,12515,2021.0,https://www.imdb.com/title/tt12063450/,Animation|Adventure|Drama
tt0343314,popularity,180,Teen Titans,7.9,42768,2003.0,https://www.imdb.com/title/tt0343314/,Animation|Action|Adventure
tt7745956,popularity,182,She-Ra and the Princesses of Power,8.1,21994,2018.0,https://www.imdb.com/title/tt7745956/,Animation|Action|Adventure
tt3909224,popularity,183,Nanatsu no taizai,7.7,45351,2015.0,https://www.imdb.com/title/tt3909224/,Animation|Action|Adventure
tt3742982,popularity,184,Akame ga Kill!,7.7,36908,2016.0,https://www.imdb.com/title/tt3742982/,Animation|Action|Comedy
tt8993398,popularity,185,Seishun buta yaro wa Bunny Girl-senpai no yume wo minai,8.0,24840,2018.0,https://www.imdb.com/title/tt8993398/,Animation|Drama|Fantasy
tt13676344,popularity,186,Shûmatsu no Valkyrie,6.6,12472,2021.0,https://www.imdb.com/title/tt13676344/,Animation|Action|Adventure
tt6660498,popularity,187,Devilman: Crybaby,7.6,35210,2018.0,https://www.imdb.com/title/tt6660498/,Animation|Action|Drama
tt6342474,popularity,188,Boruto: Naruto Next Generations,6.3,34174,2017.0,https://www.imdb.com/title/tt6342474/,Animation|Action|Adventure
tt1528406,popularity,189,Fairy Tail,7.9,31898,2011.0,https://www.imdb.com/title/tt1528406/,Animation|Action|Adventure
tt21209804,popularity,190,Mashle: Magic and Muscles,7.5,15780,2023.0,https://www.imdb.com/title/tt21209804/,Animation|Action|Adventure
tt37532731,popularity,191,Seihantai na Kimi to Boku,8.2,438,2026.0,https://www.imdb.com/title/tt37532731/,Animation|Comedy|Romance
tt4917066,popularity,192,Kangoku gakuen,7.5,9878,2015.0,https://www.imdb.com/title/tt4917066/,Animation|Comedy
tt13103134,popularity,193,Hori-san to Miyamura-kun,8.0,23523,2021.0,https://www.imdb.com/title/tt13103134/,Animation|Comedy|Drama
tt36294552,popularity,194,Trigun Stargaze,7.2,150,2026.0,https://www.imdb.com/title/tt36294552/,Animation|Action|Adventure
tt32336365,popularity,195,Ikoku Nikki,8.8,302,2026.0,https://www.imdb.com/title/tt32336365/,Animation|Drama
tt0495212,popularity,196,Hellsing Ultimate,8.2,30569,2006.0,https://www.imdb.com/title/tt0495212/,Animation|Action|Fantasy
tt9529546,popularity,197,Tate no Yuusha no Nariagari,7.7,22844,2019.0,https://www.imdb.com/title/tt9529546/,Animation|Action|Adventure
tt3837246,popularity,198,Ansatsu kyôshitsu,7.9,27380,2015.0,https://www.imdb.com/title/tt3837246/,Animation|Action|Comedy
tt0791205,popularity,199,Ergo Proxy,7.9,18561,2006.0,https://www.imdb.com/title/tt0791205/,Animation|Action|Adventure
tt2560140,user_rating,1,Shingeki no kyojin,9.1,691912,2013.0,https://www.imdb.com/title/tt2560140/,Animation|Action|Adventure
tt1355642,user_rating,2,Hagane no renkinjutsushi,9.1,243125,2009.0,https://www.imdb.com/title/tt1355642/,Animation|Action|Adventure
tt2098220,user_rating,3,Hunter x Hunter,9.0,187509,2016.0,https://www.imdb.com/title/tt2098220/,Animation|Action|Adventure
tt14986406,user_rating,4,Bleach: Sennen Kessen-hen,9.0,73293,2022.0,https://www.imdb.com/title/tt14986406/,Animation|Action|Adventure
tt22248376,user_rating,5,Sôsô no Furîren,8.9,67529,2023.0,https://www.imdb.com/title/tt22248376/,Animation|Adventure|Comedy
tt0877057,user_rating,6,Death Note: Desu nôto,8.9,468861,2007.0,https://www.imdb.com/title/tt0877057/,Animation|Crime|Drama
tt9864008,user_rating,7,Aikatsu Stars!,8.9,1957,2016.0,https://www.imdb.com/title/tt9864008/,Animation|Adventure|Comedy
tt10233448,user_rating,8,Vinland Saga,8.8,128976,2019.0,https://www.imdb.com/title/tt10233448/,Animation|Action|Adventure
tt1910272,user_rating,9,Steins;Gate,8.8,90568,2011.0,https://www.imdb.com/title/tt1910272/,Animation|Comedy|Drama
tt2404499,user_rating,10,Kingdom,8.8,6196,2012.0,https://www.imdb.com/title/tt2404499/,Animation|Action|Drama
tt0481256,user_rating,11,Hajime no Ippo,8.8,17151,2000.0,https://www.imdb.com/title/tt0481256/,Animation|Action|Comedy
tt32336365,user_rating,12,Ikoku Nikki,8.8,302,2026.0,https://www.imdb.com/title/tt32336365/,Animation|Drama
tt1992744,user_rating,13,Hajime no Ippo: New Challenger,8.8,4498,2009.0,https://www.imdb.com/title/tt1992744/,Animation|Action|Comedy
tt3443522,user_rating,14,Mushishi Zoku Shou,8.8,3604,2014.0,https://www.imdb.com/title/tt3443522/,Animation|Drama|Fantasy
tt0352099,user_rating,15,Shutsugeki! Machine Robo Rescue,8.8,95,2003.0,https://www.imdb.com/title/tt0352099/,Animation|Family|Sci-Fi
tt0988824,user_rating,16,Naruto: Shippûden,8.7,217277,2009.0,https://www.imdb.com/title/tt0988824/,Animation|Action|Adventure
tt0994314,user_rating,17,Kôdo Giasu: Hangyaku no Rurûshu,8.7,101016,,https://www.imdb.com/title/tt0994314/,Animation|Action|Drama
tt0434706,user_rating,18,Monster,8.7,67444,2004.0,https://www.imdb.com/title/tt0434706/,Animation|Crime|Drama
tt0988818,user_rating,19,Gintama,8.7,20494,,https://www.imdb.com/title/tt0988818/,Animation|Action|Comedy
tt3398540,user_rating,20,Haikyû!!,8.7,51821,2014.0,https://www.imdb.com/title/tt3398540/,Animation|Comedy|Drama
tt36988358,user_rating,21,Takopii no genzai,8.7,24491,2025.0,https://www.imdb.com/title/tt36988358/,Animation|Drama|Sci-Fi
tt3514596,user_rating,22,Hajime No Ippo: Rising,8.7,4045,2013.0,https://www.imdb.com/title/tt3514596/,Animation|Action|Comedy
tt39287518,user_rating,23,Kaguya-sama wa Kokurasetai: Otona e no Kaidan,8.7,590,2025.0,https://www.imdb.com/title/tt39287518/,Animation|Comedy|Romance
tt9864132,user_rating,24,Aikatsu Friends!,8.7,1013,2018.0,https://www.imdb.com/title/tt9864132/,Animation|Adventure|Comedy
tt9335498,user_rating,25,Kimetsu no Yaiba,8.6,219083,2021.0,https://www.imdb.com/title/tt9335498/,Animation|Action|Adventure
tt4508902,user_rating,26,One Punch Man: Wanpanman,8.6,221886,2015.0,https://www.imdb.com/title/tt4508902/,Animation|Action|Comedy
tt26743760,user_rating,27,Kusuriya no Hitorigoto,8.6,22476,2023.0,https://www.imdb.com/title/tt26743760/,Animation|Drama|History
tt3592032,user_rating,28,Ping Pong the Animation,8.6,6003,2014.0,https://www.imdb.com/title/tt3592032/,Animation|Drama|Sport
tt13906272,user_rating,29,Re:Zero kara Hajimeru Isekai Seikatsu,8.6,2655,2020.0,https://www.imdb.com/title/tt13906272/,Animation|Adventure|Fantasy
tt0435031,user_rating,30,Hunter X Hunter OVA,8.6,2454,2002.0,https://www.imdb.com/title/tt0435031/,Animation|Action|Adventure
tt2922300,user_rating,31,Monogatari Series: Second Season,8.6,3697,2013.0,https://www.imdb.com/title/tt2922300/,Animation|Adventure|Comedy
tt28653701,user_rating,32,Punch Punch Forever!,8.6,234,2023.0,https://www.imdb.com/title/tt28653701/,Animation|Action|Comedy
tt1578694,user_rating,33,Yu-Gi-Oh! The Abridged Series,8.6,1849,2006.0,https://www.imdb.com/title/tt1578694/,Animation|Comedy
tt7769342,user_rating,34,Shin Chan,8.6,443,2016.0,https://www.imdb.com/title/tt7769342/,Animation|Comedy
tt12343534,user_rating,35,Jujutsu Kaisen,8.5,189010,2020.0,https://www.imdb.com/title/tt12343534/,Animation|Action|Adventure
tt21209876,user_rating,36,Ore dake reberu appu na ken,8.5,104977,2024.0,https://www.imdb.com/title/tt21209876/,Animation|Action|Adventure
tt2359704,user_rating,37,JoJo no Kimyô na Bôken,8.5,51183,2012.0,https://www.imdb.com/title/tt2359704/,Animation|Action|Adventure
tt5897304,user_rating,38,Mob Psycho 100,8.5,64638,2018.0,https://www.imdb.com/title/tt5897304/,Animation|Action|Comedy
tt0373732,user_rating,39,The Boondocks,8.5,41005,2005.0,https://www.imdb.com/title/tt0373732/,Animation|Action|Comedy
tt3895150,user_rating,40,Shigatsu wa kimi no uso,8.5,48589,2014.0,https://www.imdb.com/title/tt3895150/,Animation|Comedy|Drama
tt9522300,user_rating,41,Kaguya-sama wa kokurasetai ~ Tensai tachi no ren&apos;ai zunô sen ~,8.5,28175,2019.0,https://www.imdb.com/title/tt9522300/,Animation|Comedy|Drama
tt0421357,user_rating,42,Hagane no renkinjutsushi,8.5,85466,2004.0,https://www.imdb.com/title/tt0421357/,Animation|Action|Adventure
tt0423731,user_rating,43,Samurai Chanpurû,8.5,62899,2005.0,https://www.imdb.com/title/tt0423731/,Animation|Action|Adventure
tt0810705,user_rating,44,Nana,8.5,8862,2006.0,https://www.imdb.com/title/tt0810705/,Animation|Comedy|Drama
tt14976292,user_rating,45,Shi Guang Dai Li Ren,8.5,6972,2021.0,https://www.imdb.com/title/tt14976292/,Animation|Crime|Drama
tt9304350,user_rating,46,Furûtsu Basuketto,8.5,12983,2019.0,https://www.imdb.com/title/tt9304350/,Animation|Comedy|Drama
tt0807832,user_rating,47,Mushishi,8.5,16037,2005.0,https://www.imdb.com/title/tt0807832/,Animation|Drama|Fantasy
tt0346314,user_rating,48,Kôkaku Kidôtai Sutando Arôn Conpurekkusu,8.5,22272,2004.0,https://www.imdb.com/title/tt0346314/,Animation|Action|Crime
tt0805448,user_rating,49,Seinto Seiya: Meiô Hâdesu jûnikyû-hen,8.5,3772,2002.0,https://www.imdb.com/title/tt0805448/,Animation|Action|Adventure
tt0925436,user_rating,50,Idaten Jump,8.5,1240,2006.0,https://www.imdb.com/title/tt0925436/,Animation|Adventure|Comedy
tt15759044,user_rating,51,Underverse,8.5,344,2016.0,https://www.imdb.com/title/tt15759044/,Animation|Action|Adventure
tt6400608,user_rating,52,Knights of the Zodiac,8.5,325,2003.0,https://www.imdb.com/title/tt6400608/,Animation|Action|Adventure
tt2398674,user_rating,53,Aikatsu!,8.5,2164,2012.0,https://www.imdb.com/title/tt2398674/,Animation|Adventure|Comedy
tt7768502,user_rating,54,Shin Chan,8.5,181,,https://www.imdb.com/title/tt7768502/,Animation|Comedy
tt27618426,user_rating,55,"Ijiranaide, Nagatoro-san 2nd Attack Mini Anime",8.5,95,2023.0,https://www.imdb.com/title/tt27618426/,Animation|Short|Comedy
tt32536168,user_rating,56,Yûsha-kei ni Shosu Chôbatsu Yûsha 9004-tai Keimu Kiroku,8.4,2893,2026.0,https://www.imdb.com/title/tt32536168/,Animation|Action|Adventure
tt0409591,user_rating,57,Naruto,8.4,163390,2005.0,https://www.imdb.com/title/tt0409591/,Animation|Action|Adventure
tt5249462,user_rating,58,Boku dake ga inai machi,8.4,72748,2016.0,https://www.imdb.com/title/tt5249462/,Animation|Crime|Drama
tt7078180,user_rating,59,Violet Evergarden,8.4,39704,2020.0,https://www.imdb.com/title/tt7078180/,Animation|Drama|Fantasy
tt32550889,user_rating,60,Tongari Bôshi no Atorie,8.4,19,,https://www.imdb.com/title/tt32550889/,Animation|Adventure|Drama
tt33044444,user_rating,61,Chi. Chikyuu no Undou ni Tsuite,8.4,6208,2024.0,https://www.imdb.com/title/tt33044444/,Animation|Drama|History
tt13409432,user_rating,62,Ousama Ranking,8.4,15460,,https://www.imdb.com/title/tt13409432/,Animation|Action|Adventure
tt14134550,user_rating,63,Odd Taxi,8.4,7580,2021.0,https://www.imdb.com/title/tt14134550/,Animation|Comedy|Crime
tt1847445,user_rating,64,Yojôhan shinwa taikei,8.4,5700,2010.0,https://www.imdb.com/title/tt1847445/,Animation|Comedy|Drama
tt5514358,user_rating,65,Steins;Gate 0,8.4,14487,2018.0,https://www.imdb.com/title/tt5514358/,Animation|Drama|Mystery
tt10384610,user_rating,66,Cike Wu Liuqi,8.4,6069,2020.0,https://www.imdb.com/title/tt10384610/,Animation|Action|Adventure
tt6322684,user_rating,67,Initial D: Final Stage,8.4,1203,2014.0,https://www.imdb.com/title/tt6322684/,Animation|Action|Sport
tt1868555,user_rating,68,Hellsing Ultimate Abridged,8.4,1680,2010.0,https://www.imdb.com/title/tt1868555/,Animation|Action|Comedy
tt1534184,user_rating,69,Inuyasha Kanketsu-hen,8.4,4032,2012.0,https://www.imdb.com/title/tt1534184/,Animation|Action|Adventure
tt4083422,user_rating,70,Doraemon,8.4,5465,2005.0,https://www.imdb.com/title/tt4083422/,Animation|Action|Adventure
tt5274556,user_rating,71,Owarimonogatari,8.4,2552,2015.0,https://www.imdb.com/title/tt5274556/,Animation|Comedy|Fantasy
tt6427166,user_rating,72,Shouwa Genroku Rakugo Shinjuu: Sukeroku Futatabi-hen,8.4,1197,2017.0,https://www.imdb.com/title/tt6427166/,Animation|Drama
tt0435032,user_rating,73,Hunter x Hunter: Greed Island Final,8.4,1649,2004.0,https://www.imdb.com/title/tt0435032/,Animation|Short|Adventure
tt13616990,user_rating,74,Chainsaw Man,8.3,97277,2022.0,https://www.imdb.com/title/tt13616990/,Animation|Action|Comedy
tt12590266,user_rating,75,Cyberpunk: Edgerunners,8.3,121588,2022.0,https://www.imdb.com/title/tt12590266/,Animation|Action|Adventure
tt32864316,user_rating,76,Fate/strange Fake,8.3,1110,2024.0,https://www.imdb.com/title/tt32864316/,Animation|Action|Adventure
tt30217403,user_rating,77,Dandadan,8.3,51454,2024.0,https://www.imdb.com/title/tt30217403/,Animation|Action|Adventure
tt1695360,user_rating,78,The Legend of Korra,8.3,149296,2012.0,https://www.imdb.com/title/tt1695360/,Animation|Action|Adventure
tt39050141,user_rating,79,Purizumu Rondo,8.3,1303,2026.0,https://www.imdb.com/title/tt39050141/,Animation|Drama|History
tt36592690,user_rating,81,Kaoru Hana wa Rin to Saku,8.3,10992,2025.0,https://www.imdb.com/title/tt36592690/,Animation|Comedy|Drama
tt7222086,user_rating,82,Made in Abyss,8.3,20608,2017.0,https://www.imdb.com/title/tt7222086/,Animation|Action|Adventure
tt0948103,user_rating,83,Tengen toppa gurren lagann,8.3,25839,2007.0,https://www.imdb.com/title/tt0948103/,Animation|Action|Adventure
tt12063450,user_rating,84,Fumetsu no Anata e,8.3,12515,2021.0,https://www.imdb.com/title/tt12063450/,Animation|Adventure|Drama
tt6354518,user_rating,85,Saiki Kusuo no Psi Nan,8.3,15253,2016.0,https://www.imdb.com/title/tt6354518/,Animation|Comedy|Fantasy
tt17158756,user_rating,86,Bocchi the Rock!,8.3,8252,2022.0,https://www.imdb.com/title/tt17158756/,Animation|Comedy|Drama
tt1409055,user_rating,87,Dragon Ball Kai: Doragon bôru kai,8.3,27845,2009.0,https://www.imdb.com/title/tt1409055/,Animation|Action|Adventure
tt2098308,user_rating,88,Nichijou,8.3,4385,2011.0,https://www.imdb.com/title/tt2098308/,Animation|Comedy|Sci-Fi
tt0433498,user_rating,89,Kino no tabi,8.3,3655,2003.0,https://www.imdb.com/title/tt0433498/,Animation|Adventure|Drama
tt9402026,user_rating,90,Kaze ga tsuyoku fuiteiru,8.3,2309,2018.0,https://www.imdb.com/title/tt9402026/,Animation|Comedy|Sport
tt15490038,user_rating,91,Kotarou wa Hitorigurashi,8.3,5690,2022.0,https://www.imdb.com/title/tt15490038/,Animation|Comedy|Drama
tt10482560,user_rating,92,Kipo and the Age of Wonderbeasts,8.3,8449,2020.0,https://www.imdb.com/title/tt10482560/,Animation|Action|Adventure
tt5419278,user_rating,93,Shôwa Genroku rakugo shinjû,8.3,1625,2016.0,https://www.imdb.com/title/tt5419278/,Animation|Comedy|Drama
tt22445494,user_rating,94,Beruseruku Ôgon Jidai-hen Memoriaru Edishon,8.3,2532,2022.0,https://www.imdb.com/title/tt22445494/,Animation|Action|Adventure
tt1203269,user_rating,95,Re mizeraburu: shoujo kozetto,8.3,652,2007.0,https://www.imdb.com/title/tt1203269/,Animation|Family|History
tt0435033,user_rating,96,Hunter x Hunter: Greed Island,8.3,1970,,https://www.imdb.com/title/tt0435033/,Animation|Short|Action
tt10838000,user_rating,97,Ace of Diamond: Act II,8.3,411,2019.0,https://www.imdb.com/title/tt10838000/,Animation|Comedy|Sport
tt34379533,user_rating,98,Nyan~ Neko Sugar Girls,8.3,76,2010.0,https://www.imdb.com/title/tt34379533/,Animation|Short|Comedy
tt29054911,user_rating,99,Wakfu: La quête des six Dofus Eliatropes,8.3,177,2014.0,https://www.imdb.com/title/tt29054911/,Animation|Action|Adventure
tt1986394,user_rating,100,Furesshu Purikyua!,8.3,68,2009.0,https://www.imdb.com/title/tt1986394/,Animation|Action|Adventure
tt2560140,user_rating,101,Shingeki no kyojin,9.1,691912,2013.0,https://www.imdb.com/title/tt2560140/,Animation|Action|Adventure
tt1355642,user_rating,102,Hagane no renkinjutsushi,9.1,243125,2009.0,https://www.imdb.com/title/tt1355642/,Animation|Action|Adventure
tt2098220,user_rating,103,Hunter x Hunter,9.0,187509,2016.0,https://www.imdb.com/title/tt2098220/,Animation|Action|Adventure
tt14986406,user_rating,104,Bleach: Sennen Kessen-hen,9.0,73293,2022.0,https://www.imdb.com/title/tt14986406/,Animation|Action|Adventure
tt22248376,user_rating,105,Sôsô no Furîren,8.9,67529,2023.0,https://www.imdb.com/title/tt22248376/,Animation|Adventure|Comedy
tt0877057,user_rating,106,Death Note: Desu nôto,8.9,468861,2007.0,https://www.imdb.com/title/tt0877057/,Animation|Crime|Drama
tt9864008,user_rating,107,Aikatsu Stars!,8.9,1957,2016.0,https://www.imdb.com/title/tt9864008/,Animation|Adventure|Comedy
tt10233448,user_rating,108,Vinland Saga,8.8,128976,2019.0,https://www.imdb.com/title/tt10233448/,Animation|Action|Adventure
tt1910272,user_rating,109,Steins;Gate,8.8,90568,2011.0,https://www.imdb.com/title/tt1910272/,Animation|Comedy|Drama
tt2404499,user_rating,110,Kingdom,8.8,6196,2012.0,https://www.imdb.com/title/tt2404499/,Animation|Action|Drama
tt0481256,user_rating,111,Hajime no Ippo,8.8,17151,2000.0,https://www.imdb.com/title/tt0481256/,Animation|Action|Comedy
tt32336365,user_rating,112,Ikoku Nikki,8.8,302,2026.0,https://www.imdb.com/title/tt32336365/,Animation|Drama
tt1992744,user_rating,113,Hajime no Ippo: New Challenger,8.8,4498,2009.0,https://www.imdb.com/title/tt1992744/,Animation|Action|Comedy
tt3443522,user_rating,114,Mushishi Zoku Shou,8.8,3604,2014.0,https://www.imdb.com/title/tt3443522/,Animation|Drama|Fantasy
tt0352099,user_rating,115,Shutsugeki! Machine Robo Rescue,8.8,95,2003.0,https://www.imdb.com/title/tt0352099/,Animation|Family|Sci-Fi
tt0988824,user_rating,116,Naruto: Shippûden,8.7,217277,2009.0,https://www.imdb.com/title/tt0988824/,Animation|Action|Adventure
tt0994314,user_rating,117,Kôdo Giasu: Hangyaku no Rurûshu,8.7,101016,,https://www.imdb.com/title/tt0994314/,Animation|Action|Drama
tt0434706,user_rating,118,Monster,8.7,67444,2004.0,https://www.imdb.com/title/tt0434706/,Animation|Crime|Drama
tt0988818,user_rating,119,Gintama,8.7,20494,,https://www.imdb.com/title/tt0988818/,Animation|Action|Comedy
tt3398540,user_rating,120,Haikyû!!,8.7,51821,2014.0,https://www.imdb.com/title/tt3398540/,Animation|Comedy|Drama
tt36988358,user_rating,121,Takopii no genzai,8.7,24491,2025.0,https://www.imdb.com/title/tt36988358/,Animation|Drama|Sci-Fi
tt3514596,user_rating,122,Hajime No Ippo: Rising,8.7,4045,2013.0,https://www.imdb.com/title/tt3514596/,Animation|Action|Comedy
tt39287518,user_rating,123,Kaguya-sama wa Kokurasetai: Otona e no Kaidan,8.7,590,2025.0,https://www.imdb.com/title/tt39287518/,Animation|Comedy|Romance
tt9864132,user_rating,124,Aikatsu Friends!,8.7,1013,2018.0,https://www.imdb.com/title/tt9864132/,Animation|Adventure|Comedy
tt9335498,user_rating,125,Kimetsu no Yaiba,8.6,219083,2021.0,https://www.imdb.com/title/tt9335498/,Animation|Action|Adventure
tt4508902,user_rating,126,One Punch Man: Wanpanman,8.6,221886,2015.0,https://www.imdb.com/title/tt4508902/,Animation|Action|Comedy
tt26743760,user_rating,127,Kusuriya no Hitorigoto,8.6,22476,2023.0,https://www.imdb.com/title/tt26743760/,Animation|Drama|History
tt3592032,user_rating,128,Ping Pong the Animation,8.6,6003,2014.0,https://www.imdb.com/title/tt3592032/,Animation|Drama|Sport
tt13906272,user_rating,129,Re:Zero kara Hajimeru Isekai Seikatsu,8.6,2655,2020.0,https://www.imdb.com/title/tt13906272/,Animation|Adventure|Fantasy
tt0435031,user_rating,130,Hunter X Hunter OVA,8.6,2454,2002.0,https://www.imdb.com/title/tt0435031/,Animation|Action|Adventure
tt2922300,user_rating,131,Monogatari Series: Second Season,8.6,3697,2013.0,https://www.imdb.com/title/tt2922300/,Animation|Adventure|Comedy
tt28653701,user_rating,132,Punch Punch Forever!,8.6,234,2023.0,https://www.imdb.com/title/tt28653701/,Animation|Action|Comedy
tt1578694,user_rating,133,Yu-Gi-Oh! The Abridged Series,8.6,1849,2006.0,https://www.imdb.com/title/tt1578694/,Animation|Comedy
tt7769342,user_rating,134,Shin Chan,8.6,443,2016.0,https://www.imdb.com/title/tt7769342/,Animation|Comedy
tt12343534,user_rating,135,Jujutsu Kaisen,8.5,189010,2020.0,https://www.imdb.com/title/tt12343534/,Animation|Action|Adventure
tt21209876,user_rating,136,Ore dake reberu appu na ken,8.5,104977,2024.0,https://www.imdb.com/title/tt21209876/,Animation|Action|Adventure
tt2359704,user_rating,137,JoJo no Kimyô na Bôken,8.5,51183,2012.0,https://www.imdb.com/title/tt2359704/,Animation|Action|Adventure
tt5897304,user_rating,138,Mob Psycho 100,8.5,64638,2018.0,https://www.imdb.com/title/tt5897304/,Animation|Action|Comedy
tt0373732,user_rating,139,The Boondocks,8.5,41005,2005.0,https://www.imdb.com/title/tt0373732/,Animation|Action|Comedy
tt3895150,user_rating,140,Shigatsu wa kimi no uso,8.5,48589,2014.0,https://www.imdb.com/title/tt3895150/,Animation|Comedy|Drama
tt9522300,user_rating,141,Kaguya-sama wa kokurasetai ~ Tensai tachi no ren&apos;ai zunô sen ~,8.5,28175,2019.0,https://www.imdb.com/title/tt9522300/,Animation|Comedy|Drama
tt0421357,user_rating,142,Hagane no renkinjutsushi,8.5,85466,2004.0,https://www.imdb.com/title/tt0421357/,Animation|Action|Adventure
tt0423731,user_rating,143,Samurai Chanpurû,8.5,62899,2005.0,https://www.imdb.com/title/tt0423731/,Animation|Action|Adventure
tt0810705,user_rating,144,Nana,8.5,8862,2006.0,https://www.imdb.com/title/tt0810705/,Animation|Comedy|Drama
tt14976292,user_rating,145,Shi Guang Dai Li Ren,8.5,6972,2021.0,https://www.imdb.com/title/tt14976292/,Animation|Crime|Drama
tt9304350,user_rating,146,Furûtsu Basuketto,8.5,12983,2019.0,https://www.imdb.com/title/tt9304350/,Animation|Comedy|Drama
tt0807832,user_rating,147,Mushishi,8.5,16037,2005.0,https://www.imdb.com/title/tt0807832/,Animation|Drama|Fantasy
tt0346314,user_rating,148,Kôkaku Kidôtai Sutando Arôn Conpurekkusu,8.5,22272,2004.0,https://www.imdb.com/title/tt0346314/,Animation|Action|Crime
tt0805448,user_rating,149,Seinto Seiya: Meiô Hâdesu jûnikyû-hen,8.5,3772,2002.0,https://www.imdb.com/title/tt0805448/,Animation|Action|Adventure
tt0925436,user_rating,150,Idaten Jump,8.5,1240,2006.0,https://www.imdb.com/title/tt0925436/,Animation|Adventure|Comedy
tt15759044,user_rating,151,Underverse,8.5,344,2016.0,https://www.imdb.com/title/tt15759044/,Animation|Action|Adventure
tt6400608,user_rating,152,Knights of the Zodiac,8.5,325,2003.0,https://www.imdb.com/title/tt6400608/,Animation|Action|Adventure
tt2398674,user_rating,153,Aikatsu!,8.5,2164,2012.0,https://www.imdb.com/title/tt2398674/,Animation|Adventure|Comedy
tt7768502,user_rating,154,Shin Chan,8.5,181,,https://www.imdb.com/title/tt7768502/,Animation|Comedy
tt27618426,user_rating,155,"Ijiranaide, Nagatoro-san 2nd Attack Mini Anime",8.5,95,2023.0,https://www.imdb.com/title/tt27618426/,Animation|Short|Comedy
tt32536168,user_rating,156,Yûsha-kei ni Shosu Chôbatsu Yûsha 9004-tai Keimu Kiroku,8.4,2893,2026.0,https://www.imdb.com/title/tt32536168/,Animation|Action|Adventure
tt0409591,user_rating,157,Naruto,8.4,163390,2005.0,https://www.imdb.com/title/tt0409591/,Animation|Action|Adventure
tt5249462,user_rating,158,Boku dake ga inai machi,8.4,72748,2016.0,https://www.imdb.com/title/tt5249462/,Animation|Crime|Drama
tt7078180,user_rating,159,Violet Evergarden,8.4,39704,2020.0,https://www.imdb.com/title/tt7078180/,Animation|Drama|Fantasy
tt32550889,user_rating,160,Tongari Bôshi no Atorie,8.4,19,,https://www.imdb.com/title/tt32550889/,Animation|Adventure|Drama
tt33044444,user_rating,161,Chi. Chikyuu no Undou ni Tsuite,8.4,6208,2024.0,https://www.imdb.com/title/tt33044444/,Animation|Drama|History
tt13409432,user_rating,162,Ousama Ranking,8.4,15460,,https://www.imdb.com/title/tt13409432/,Animation|Action|Adventure
tt14134550,user_rating,163,Odd Taxi,8.4,7580,2021.0,https://www.imdb.com/title/tt14134550/,Animation|Comedy|Crime
tt1847445,user_rating,164,Yojôhan shinwa taikei,8.4,5700,2010.0,https://www.imdb.com/title/tt1847445/,Animation|Comedy|Drama
tt5514358,user_rating,165,Steins;Gate 0,8.4,14487,2018.0,https://www.imdb.com/title/tt5514358/,Animation|Drama|Mystery
tt10384610,user_rating,166,Cike Wu Liuqi,8.4,6069,2020.0,https://www.imdb.com/title/tt10384610/,Animation|Action|Adventure
tt6322684,user_rating,167,Initial D: Final Stage,8.4,1203,2014.0,https://www.imdb.com/title/tt6322684/,Animation|Action|Sport
tt1868555,user_rating,168,Hellsing Ultimate Abridged,8.4,1680,2010.0,https://www.imdb.com/title/tt1868555/,Animation|Action|Comedy
tt1534184,user_rating,169,Inuyasha Kanketsu-hen,8.4,4032,2012.0,https://www.imdb.com/title/tt1534184/,Animation|Action|Adventure
tt4083422,user_rating,170,Doraemon,8.4,5465,2005.0,https://www.imdb.com/title/tt4083422/,Animation|Action|Adventure
tt5274556,user_rating,171,Owarimonogatari,8.4,2552,2015.0,https://www.imdb.com/title/tt5274556/,Animation|Comedy|Fantasy
tt6427166,user_rating,172,Shouwa Genroku Rakugo Shinjuu: Sukeroku Futatabi-hen,8.4,1197,2017.0,https://www.imdb.com/title/tt6427166/,Animation|Drama
tt0435032,user_rating,173,Hunter x Hunter: Greed Island Final,8.4,1649,2004.0,https://www.imdb.com/title/tt0435032/,Animation|Short|Adventure
tt13616990,user_rating,174,Chainsaw Man,8.3,97277,2022.0,https://www.imdb.com/title/tt13616990/,Animation|Action|Comedy
tt12590266,user_rating,175,Cyberpunk: Edgerunners,8.3,121588,2022.0,https://www.imdb.com/title/tt12590266/,Animation|Action|Adventure
tt32864316,user_rating,176,Fate/strange Fake,8.3,1110,2024.0,https://www.imdb.com/title/tt32864316/,Animation|Action|Adventure
tt30217403,user_rating,177,Dandadan,8.3,51454,2024.0,https://www.imdb.com/title/tt30217403/,Animation|Action|Adventure
tt1695360,user_rating,178,The Legend of Korra,8.3,149296,2012.0,https://www.imdb.com/title/tt1695360/,Animation|Action|Adventure
tt39050141,user_rating,179,Purizumu Rondo,8.3,1303,2026.0,https://www.imdb.com/title/tt39050141/,Animation|Drama|History
tt4644488,user_rating,180,Dragon Ball Super: Doragon bôru cho,8.3,44611,2017.0,https://www.imdb.com/title/tt4644488/,Animation|Action|Adventure
tt36592690,user_rating,181,Kaoru Hana wa Rin to Saku,8.3,10992,2025.0,https://www.imdb.com/title/tt36592690/,Animation|Comedy|Drama
tt7222086,user_rating,182,Made in Abyss,8.3,20608,2017.0,https://www.imdb.com/title/tt7222086/,Animation|Action|Adventure
tt0948103,user_rating,183,Tengen toppa gurren lagann,8.3,25839,2007.0,https://www.imdb.com/title/tt0948103/,Animation|Action|Adventure
tt12063450,user_rating,184,Fumetsu no Anata e,8.3,12515,2021.0,https://www.imdb.com/title/tt12063450/,Animation|Adventure|Drama
tt6354518,user_rating,185,Saiki Kusuo no Psi Nan,8.3,15253,2016.0,https://www.imdb.com/title/tt6354518/,Animation|Comedy|Fantasy
tt17158756,user_rating,186,Bocchi the Rock!,8.3,8252,2022.0,https://www.imdb.com/title/tt17158756/,Animation|Comedy|Drama
tt1409055,user_rating,187,Dragon Ball Kai: Doragon bôru kai,8.3,27845,2009.0,https://www.imdb.com/title/tt1409055/,Animation|Action|Adventure
tt2098308,user_rating,188,Nichijou,8.3,4385,2011.0,https://www.imdb.com/title/tt2098308/,Animation|Comedy|Sci-Fi
tt0433498,user_rating,189,Kino no tabi,8.3,3655,2003.0,https://www.imdb.com/title/tt0433498/,Animation|Adventure|Drama
tt9402026,user_rating,190,Kaze ga tsuyoku fuiteiru,8.3,2309,2018.0,https://www.imdb.com/title/tt9402026/,Animation|Comedy|Sport
tt15490038,user_rating,191,Kotarou wa Hitorigurashi,8.3,5690,2022.0,https://www.imdb.com/title/tt15490038/,Animation|Comedy|Drama
tt10482560,user_rating,192,Kipo and the Age of Wonderbeasts,8.3,8449,2020.0,https://www.imdb.com/title/tt10482560/,Animation|Action|Adventure
tt5419278,user_rating,193,Shôwa Genroku rakugo shinjû,8.3,1625,2016.0,https://www.imdb.com/title/tt5419278/,Animation|Comedy|Drama
tt22445494,user_rating,194,Beruseruku Ôgon Jidai-hen Memoriaru Edishon,8.3,2532,2022.0,https://www.imdb.com/title/tt22445494/,Animation|Action|Adventure
tt1203269,user_rating,195,Re mizeraburu: shoujo kozetto,8.3,652,2007.0,https://www.imdb.com/title/tt1203269/,Animation|Family|History
tt0435033,user_rating,196,Hunter x Hunter: Greed Island,8.3,1970,,https://www.imdb.com/title/tt0435033/,Animation|Short|Action
tt10838000,user_rating,197,Ace of Diamond: Act II,8.3,411,2019.0,https://www.imdb.com/title/tt10838000/,Animation|Comedy|Sport
tt34379533,user_rating,198,Nyan~ Neko Sugar Girls,8.3,76,2010.0,https://www.imdb.com/title/tt34379533/,Animation|Short|Comedy
tt29054911,user_rating,199,Wakfu: La quête des six Dofus Eliatropes,8.3,177,2014.0,https://www.imdb.com/title/tt29054911/,Animation|Action|Adventure
