title,title_jp,title_cn,year,genre,mal_score,mal_rank,mal_votes,mal_percentile,imdb_score,imdb_rank,imdb_votes,imdb_percentile,bgm_score,bgm_rank,bgm_votes,bgm_percentile
Sousou no Frieren,葬送のフリーレン,葬送的芙莉莲,2023,Adventure|Drama|Fantasy|Comedy,9.28,1,824853,100.0,8.9,11.0,67529.0,96.11,8.5,25.0,33738.0,90.7
Sousou no Frieren 2nd Season,葬送のフリーレン 第2期,葬送的芙莉莲 第二季,2026,Adventure|Drama|Fantasy|History,9.15,2,63262,99.75,8.3,185.0,1303.0,28.4,7.8,139.0,3819.0,46.51
Fullmetal Alchemist: Brotherhood,鋼の錬金術師 FULLMETAL ALCHEMIST,钢之炼金术师 FULLMETAL ALCHEMIST,2009,Action|Adventure|Drama|Fantasy,9.11,3,2290832,99.5,,,,,8.8,4.0,23854.0,98.84
Steins;Gate,STEINS;GATE,命运石之门,2011,Drama|Sci-Fi|Suspense|Comedy,9.07,4,1508466,99.25,8.8,28.0,90568.0,89.49,8.8,5.0,38414.0,98.45
Shingeki no Kyojin Season 3 Part 2,進撃の巨人 Season3 Part.2,进击的巨人 第三季 Part.2,2019,Action|Drama|Suspense|Adventure,9.05,5,1773277,99.0,8.1,211.0,21994.0,18.29,8.7,9.0,22105.0,96.9
Gintama°,銀魂°,银魂°,2015,Action|Comedy|Sci-Fi,9.05,6,270776,98.75,8.7,51.0,20494.0,80.54,8.2,71.0,4588.0,72.87
Hunter x Hunter (2011),HUNTER×HUNTER（ハンター×ハンター）,猎人,2011,Action|Adventure|Fantasy|Short,9.03,7,1958425,98.5,8.3,156.0,1970.0,39.69,8.2,56.0,6218.0,78.68
Gintama',銀魂',银魂',2011,Action|Comedy|Sci-Fi,9.02,8,255724,98.25,8.7,40.0,20494.0,84.82,8.7,12.0,13286.0,95.74
Gintama': Enchousen,銀魂' 延長戦,银魂' 延长战,2012,Action|Comedy|Sci-Fi,9.02,9,178265,98.0,8.7,37.0,20494.0,85.99,8.3,33.0,4501.0,87.6
Gintama.,銀魂。,银魂.,2017,Action|Comedy|Sci-Fi,8.98,10,158998,97.75,8.7,38.0,20494.0,85.6,7.7,163.0,2378.0,37.21
Bleach: Sennen Kessen-hen,BLEACH 千年血戦篇,死神 千年血战篇,2022,Action|Adventure|Supernatural,8.98,11,372638,97.5,9.0,6.0,73289.0,98.05,7.9,127.0,4472.0,51.16
Kaguya-sama wa Kokurasetai: Ultra Romantic,かぐや様は告らせたい-ウルトラロマンティック-,辉夜大小姐想让我告白-超级浪漫-,2022,Comedy|Romance|Action|Adventure,8.96,12,625724,97.25,7.7,237.0,13938.0,8.17,8.3,46.0,22090.0,82.56
Fruits Basket: The Final,フルーツバスケット The Final,进击的巨人 最终季,2021,Drama|Romance|Supernatural|Comedy,8.94,13,277094,97.0,8.5,80.0,12983.0,69.26,7.7,147.0,14390.0,43.41
Clannad: After Story,CLANNAD〜AFTER STORY〜 クラナド アフターストーリー,,2008,Drama|Romance|Crime,8.93,15,696628,96.5,8.9,13.0,468861.0,95.33,9.2,2.0,30058.0,99.61
Gintama,銀魂,银魂,2006,Action|Comedy|Sci-Fi|Drama,8.93,14,421797,96.75,8.5,74.0,8862.0,71.6,8.7,8.0,13401.0,97.29
Kusuriya no Hitorigoto 2nd Season,薬屋のひとりごと 第2期,药屋少女的呢喃 第二季,2025,Drama|Mystery|History,8.91,16,242817,96.25,8.6,57.0,22476.0,78.21,7.5,207.0,6396.0,20.16
Code Geass: Hangyaku no Lelouch R2,コードギアス 反逆のルルーシュ R2,Code Geass 反叛的鲁路修R2,2008,Award Winning|Drama|Sci-Fi|Action,8.91,17,1287868,96.0,8.7,45.0,101012.0,82.88,8.3,36.0,17840.0,86.43
3-gatsu no Lion 2nd Season,3月のライオン 第2シリーズ,3月的狮子 第二季,2017,Drama|Adventure|Comedy,8.9,18,214128,95.75,8.7,47.0,1013.0,82.1,8.8,6.0,10113.0,98.06
Monster,モンスター,,2004,Drama|Mystery|Suspense|Crime,8.89,19,502980,95.5,8.7,48.0,67444.0,81.71,,,,
Gintama. Shirogane no Tamashii-hen - Kouhan-sen,銀魂. 銀ノ魂篇 後半戦,,2018,Action|Comedy|Sci-Fi,8.88,20,106365,95.25,,,,,,,,
Kusuriya no Hitorigoto,薬屋のひとりごと,药屋少女的呢喃,2023,Drama|Mystery|History,8.85,21,453973,95.0,8.6,66.0,22476.0,74.71,7.5,204.0,10792.0,21.32
Kingdom 3rd Season,キングダム 第3シリーズ,黄金神威 第三季,2020,Action|Adventure,8.84,22,54443,94.75,8.3,144.0,8449.0,44.36,8.1,83.0,3367.0,68.22
Vinland Saga Season 2,ヴィンランド・サガ SEASON2,冰海战记 第二季,2023,Action|Adventure|Drama,8.82,23,470492,94.5,8.3,151.0,51454.0,41.63,8.1,82.0,7585.0,68.6
Gintama. Shirogane no Tamashii-hen,銀魂. 銀ノ魂篇,,2018,Action|Comedy|Sci-Fi|Adventure|Drama,8.81,24,115220,94.25,8.4,126.0,19.0,51.36,,,,
Mob Psycho 100 II,モブサイコ100 II,灵能百分百 第二季,2019,Action|Comedy|Supernatural,8.78,28,1079096,93.25,8.5,103.0,64638.0,60.31,8.1,79.0,14519.0,69.77
Shingeki no Kyojin: The Final Season,進撃の巨人 The Final Season,进击的巨人 最终季 Part.2,2021,Action|Drama|Suspense,8.78,27,1504337,93.5,,,,,7.7,151.0,12370.0,41.86
Vinland Saga,ヴィンランド・サガ,冰海战记,2019,Action|Adventure|Drama,8.78,26,1045304,93.75,8.8,29.0,128976.0,89.11,8.3,34.0,12535.0,87.21
Hajime no Ippo,はじめの一歩 THE FIGHTING!,,2000,Sports|Action|Comedy,8.78,25,338554,94.0,8.8,30.0,17151.0,88.72,,,,
Haikyuu!! Karasuno Koukou vs. Shiratorizawa Gakuen Koukou,ハイキュー!! 烏野高校 VS 白鳥沢学園高校,排球少年 乌野高校 VS 白鸟泽学园高校,2016,Sports|Comedy|Fantasy,8.77,29,868349,93.0,8.3,140.0,15253.0,45.91,8.4,28.0,6394.0,89.53
Shingeki no Kyojin: The Final Season Part 2,進撃の巨人 The Final Season Part 2,进击的巨人 最终季 完结篇 前篇,2022,Action|Drama|Suspense,8.77,30,917185,92.75,,,,,7.7,146.0,10036.0,43.8
Monogatari Series: Second Season,〈物語〉シリーズ セカンドシーズン,物语系列 第二季,2013,Comedy|Mystery|Romance|Supernatural|Adventure,8.76,31,378546,92.5,8.6,60.0,3697.0,77.04,8.2,62.0,12606.0,76.36
Kingdom 5th Season,キングダム 第5シリーズ,小市民系列 第二季,2024,Action|Comedy,8.73,32,27746,92.25,8.5,94.0,181.0,63.81,7.3,225.0,4341.0,13.18
Bocchi the Rock!,ぼっち・ざ・ろっく！,孤独摇滚！,2022,Comedy|Drama,8.73,33,467908,92.0,8.3,177.0,8252.0,31.52,8.4,26.0,38294.0,90.31
Kingdom 4th Season,キングダム 第4シリーズ,,2022,Action|Comedy,8.73,34,39965,91.75,8.5,108.0,181.0,58.37,,,,
Boku no Hero Academia: Final Season,僕のヒーローアカデミア FINAL SEASON,间谍过家家 第三季,2025,Action,8.72,35,138415,91.5,,,,,7.3,226.0,4779.0,12.79
Hibike! Euphonium 3,響け！ユーフォニアム3,,2024,Drama|History,8.72,36,37871,91.25,8.4,114.0,6208.0,56.03,,,,
Mushishi Zoku Shou 2nd Season,蟲師 続章,虫师 续章,2014,Adventure|Mystery|Slice of Life|Supernatural|Drama|Fantasy,8.72,37,115982,91.0,8.8,24.0,3604.0,91.05,8.5,18.0,4664.0,93.41
86 Part 2,86―エイティシックス―,86 -不存在的战区-,2021,Drama|Sci-Fi|Action,8.72,38,367509,90.75,8.2,200.0,14019.0,22.57,7.6,191.0,15710.0,26.36
Chi. Chikyuu no Undou ni Tsuite,チ。―地球の運動について―,,2024,Drama|History,8.71,41,111915,90.0,8.4,136.0,6208.0,47.47,,,,
Code Geass: Hangyaku no Lelouch,コードギアス 反逆のルルーシュ,Code Geass 反叛的鲁路修,2006,Award Winning|Drama|Sci-Fi|Action,8.71,42,1510524,89.75,8.7,52.0,101016.0,80.16,8.3,48.0,21348.0,81.78
Mob Psycho 100 III,モブサイコ100 III,灵能百分百 第三季,2022,Action|Comedy|Supernatural,8.71,39,436490,90.5,,,,,8.2,66.0,11199.0,74.81
Jujutsu Kaisen 2nd Season,呪術廻戦 懐玉・玉折／渋谷事変,咒术回战 怀玉･玉折 / 涩谷事变,2023,Action|Supernatural|Adventure,8.71,40,793174,90.25,7.5,246.0,15780.0,4.67,7.2,249.0,9273.0,3.88
Boku no Kokoro no Yabai Yatsu 2nd Season,僕の心のヤバイやつ 第2期,我心里危险的东西 第二季,2024,Comedy|Romance|Drama|History,8.7,43,171528,89.5,8.4,137.0,6208.0,47.08,8.3,45.0,12968.0,82.95
Bleach: Sennen Kessen-hen - Ketsubetsu-tan,BLEACH 千年血戦篇-訣別譚-,死神 千年血战篇-诀别谭-,2023,Action|Adventure|Supernatural,8.7,44,228229,89.25,9.0,8.0,73293.0,97.28,7.5,203.0,3018.0,21.71
Kimetsu no Yaiba: Yuukaku-hen,鬼滅の刃 遊郭編,鬼灭之刃 游郭篇,2022,Action|Supernatural|Adventure,8.7,45,1101489,89.0,8.6,61.0,219069.0,76.65,7.3,231.0,11715.0,10.85
Kingdom 6th Season,キングダム 第6シリーズ,,2025,Action|Drama|Sci-Fi,8.69,46,15429,88.75,8.7,55.0,24491.0,78.99,,,,
Ikoku Nikki,違国日記,异国日记,2026,Drama,8.69,47,10933,88.5,8.8,17.0,302.0,93.77,8.2,67.0,2569.0,74.42
Shouwa Genroku Rakugo Shinjuu: Sukeroku Futatabi-hen,昭和元禄落語心中～助六再び篇～,昭和元禄落语心中 -助六再临篇-,2017,Drama,8.69,48,69594,88.25,8.4,131.0,1197.0,49.42,8.3,42.0,2565.0,84.11
Violet Evergarden,ヴァイオレット・エヴァーガーデン,紫罗兰永恒花园,2018,Drama|Fantasy,8.69,49,1080932,88.0,8.4,133.0,39704.0,48.64,7.6,184.0,21254.0,29.07
Mushishi Zoku Shou,蟲師 続章,虫师 续章 第2部分,2014,Adventure|Mystery|Slice of Life|Supernatural|Drama|Fantasy,8.68,50,127717,87.75,8.8,18.0,3604.0,93.39,8.6,15.0,4228.0,94.57
Uma Musume: Cinderella Gray Part 2,ウマ娘 シンデレラグレイ 第2クール,赛马娘 芦毛灰姑娘,2025,Drama|Sports|Horror,8.67,52,28176,87.25,7.9,231.0,6373.0,10.51,7.5,197.0,8406.0,24.03
Bleach: Sennen Kessen-hen - Soukoku-tan,BLEACH 千年血戦篇-相剋譚-,死神 千年血战篇-相克谭-,2024,Action|Adventure|Supernatural,8.67,53,150307,87.0,9.0,7.0,73293.0,97.67,7.4,219.0,2135.0,15.5
Hajime no Ippo: New Challenger,はじめの一歩 新シリーズ,青之文学,2009,Sports|Action|Comedy,8.67,51,187653,87.5,8.8,19.0,4498.0,93.0,7.5,192.0,2433.0,25.97
Mushishi,蟲師,虫师,2005,Adventure|Mystery|Slice of Life|Supernatural|Drama|Fantasy,8.65,54,296581,86.75,8.5,107.0,16037.0,58.75,8.7,10.0,11451.0,96.51
Tengen Toppa Gurren Lagann,天元突破グレンラガン,天元突破 红莲螺岩,2007,Adventure|Award Winning|Sci-Fi|Action,8.64,55,969720,86.5,8.3,154.0,25839.0,40.47,8.5,22.0,15885.0,91.86
Shigatsu wa Kimi no Uso,四月は君の嘘,四月是你的谎言,2014,Drama|Romance|Comedy,8.64,56,1457308,86.25,8.5,100.0,48589.0,61.48,8.0,109.0,22249.0,58.14
Shingeki no Kyojin Season 3,進撃の巨人 Season3,进击的巨人 第三季,2018,Action|Drama|Suspense|Thriller,8.64,57,1791542,86.0,7.7,236.0,22020.0,8.56,8.3,37.0,19680.0,86.05
Made in Abyss,メイドインアビス,来自深渊,2017,Adventure|Drama|Fantasy|Mystery|Sci-Fi|Action,8.63,58,830421,85.75,8.3,159.0,20608.0,38.52,8.2,65.0,18248.0,75.19
Natsume Yuujinchou Shi,夏目友人帳 肆,夏目友人帐 肆,2012,Slice of Life|Supernatural|Comedy|Sci-Fi,8.63,59,117098,85.5,8.3,161.0,4385.0,37.74,8.0,101.0,6493.0,61.24
Ping Pong the Animation,ピンポン THE ANIMATION,乒乓,2014,Award Winning|Drama|Sports|Sport,8.63,60,202715,85.25,8.6,70.0,6003.0,73.15,8.7,13.0,16611.0,95.35
Odd Taxi,オッドタクシー,奇巧计程车,2021,Award Winning|Drama|Mystery|Suspense|Comedy|Crime,8.63,61,248130,85.0,8.4,116.0,7580.0,55.25,8.5,21.0,20601.0,92.25
Death Note,デスノート,,2006,Supernatural|Suspense|Crime|Drama,8.62,62,2978844,84.75,8.9,15.0,468861.0,94.55,,,,
Haikyuu!! Second Season,ハイキュー!! セカンドシーズン,排球少年 第二季,2015,Sports|Comedy|Fantasy,8.62,63,1021110,84.5,8.3,141.0,15253.0,45.53,8.3,44.0,6951.0,83.33
Natsume Yuujinchou Roku,夏目友人帳 陸,夏目友人帐 陆,2017,Slice of Life|Supernatural|Action|Drama,8.61,66,76024,83.75,8.7,35.0,101016.0,86.77,7.7,148.0,3317.0,43.02
Kaguya-sama wa Kokurasetai? Tensai-tachi no Renai Zunousen,かぐや様は告らせたい？～天才たちの恋愛頭脳戦～,辉夜大小姐想让我告白?～天才们的恋爱头脑战～,2020,Comedy|Romance|Drama,8.61,67,951270,83.5,8.5,98.0,28175.0,62.26,7.9,116.0,23406.0,55.43
Mushoku Tensei: Isekai Ittara Honki Dasu Part 2,無職転生 ～異世界行ったら本気だす～ 第2クール,无职转生～到了异世界就拿出真本事～ 第2部分,2021,Adventure|Drama|Fantasy|Ecchi|Action,8.61,64,695064,84.25,8.2,201.0,35340.0,22.18,8.3,40.0,23112.0,84.88
Hajime no Ippo: Rising,はじめの一歩 Rising,,2013,Sports|Action|Comedy,8.61,65,162313,84.0,8.7,31.0,4045.0,88.33,,,,
Bungou Stray Dogs 5th Season,文豪ストレイドッグス,,2023,Action|Mystery,8.6,68,118480,83.25,,,,,,,,
Made in Abyss: Retsujitsu no Ougonkyou,メイドインアビス 烈日の黄金郷,来自深渊 烈日的黄金乡,2022,Adventure|Drama|Fantasy|Mystery|Sci-Fi,8.6,69,257037,83.0,,,,,8.3,41.0,12938.0,84.5
[Oshi no Ko] 3rd Season,【推しの子】 第3期,【我推的孩子】 第二季,2026,Drama|Adventure,8.59,70,24226,82.75,8.4,120.0,19.0,53.7,7.2,254.0,11599.0,1.94
Dungeon Meshi,ダンジョン飯,迷宫饭,2024,Adventure|Comedy|Fantasy|Gourmet,8.59,71,290665,82.5,8.0,227.0,13734.0,12.06,7.8,138.0,16699.0,46.9
Jujutsu Kaisen: Shimetsu Kaiyuu - Zenpen,呪術廻戦 「死滅回游 前編」,,2026,Action|Supernatural,8.58,72,61712,82.25,,,,,,,,
Natsume Yuujinchou Shichi,夏目友人帳 漆,,2024,Slice of Life|Supernatural|Action|Fantasy,8.58,73,17828,82.0,6.2,257.0,2512.0,0.39,,,,
JoJo no Kimyou na Bouken Part 5: Ougon no Kaze,ジョジョの奇妙な冒険 黄金の風,JOJO的奇妙冒险 黄金之风,2018,Action|Adventure,8.58,74,773072,81.75,,,,,8.0,107.0,14914.0,58.91
Uma Musume: Cinderella Gray,ウマ娘 シンデレラグレイ,,2025,Drama|Sports|Horror,8.57,78,45838,80.75,7.9,232.0,6373.0,10.12,,,,
Ore dake Level Up na Ken Season 2: Arise from the Shadow,俺だけレベルアップな件 Season 2 -Arise from the Shadow-,我独自升级 第二季 -起于暗影-,2025,Action|Adventure|Fantasy,8.57,77,478365,81.0,8.5,97.0,104977.0,62.65,7.4,216.0,8823.0,16.67
Shingeki no Kyojin,進撃の巨人,进击的巨人,2013,Action|Award Winning|Drama|Suspense|Adventure,8.57,76,3039765,81.25,9.1,2.0,691912.0,99.61,8.2,64.0,29854.0,75.58
Nana,NANA [ナナ],娜娜,2006,Drama|Romance|Comedy,8.57,75,299226,81.5,8.5,95.0,8862.0,63.42,7.9,121.0,3814.0,53.49
Natsume Yuujinchou Go,夏目友人帳 伍,夏目友人帐 伍,2016,Slice of Life|Supernatural|Comedy,8.56,79,83277,80.5,8.6,62.0,443.0,76.26,7.7,149.0,3850.0,42.64
Natsume Yuujinchou San,夏目友人帳 参,夏目友人帐 叁,2011,Slice of Life|Supernatural|Comedy|Sci-Fi,8.56,80,126482,80.25,8.3,147.0,4385.0,43.19,8.2,63.0,8883.0,75.97
Haikyuu!! To the Top Part 2,ハイキュー TO THE TOP 第2クール,排球少年 TO THE TOP 第二期,2020,Sports,8.56,81,548630,80.0,,,,,7.7,150.0,2999.0,42.25
Kaoru Hana wa Rin to Saku,薫る花は凛と咲く,,2025,Drama|Romance|Comedy,8.55,82,200905,79.75,8.3,167.0,10992.0,35.41,,,,
Chiikawa,ちいかわ,,2022,Slice of Life|Action|Comedy,8.55,83,5468,79.5,8.3,183.0,97266.0,29.18,,,,
Steins;Gate 0,シュタインズ・ゲート ゼロ,命运石之门 0,2018,Drama|Sci-Fi|Suspense|Mystery,8.55,84,470115,79.25,8.4,121.0,14487.0,53.31,8.2,52.0,15222.0,80.23
Yojouhan Shinwa Taikei,四畳半神話大系,四叠半神话大系,2010,Award Winning|Comedy|Mystery|Romance|Suspense|Drama,8.55,85,155974,79.0,8.4,110.0,5700.0,57.59,8.6,14.0,14780.0,94.96
[Oshi no Ko],【推しの子】,【我推的孩子】,2023,Award Winning|Drama|Fantasy,8.54,89,607711,78.0,8.2,206.0,14980.0,20.23,7.4,214.0,19957.0,17.44
Shouwa Genroku Rakugo Shinjuu,昭和元禄落語心中,昭和元禄落语心中,2016,Drama|Comedy,8.54,88,99328,78.25,8.3,180.0,1625.0,30.35,8.1,85.0,3631.0,67.44
Shingeki no Kyojin Season 2,進撃の巨人 Season2,进击的巨人 第二季,2017,Action|Drama|Suspense|Thriller,8.54,86,2045911,78.75,7.7,241.0,22020.0,6.61,8.1,84.0,20716.0,67.83
Fate/Zero 2nd Season,フェイト/ゼロ 2ndシーズン,,2012,Action|Fantasy|Adventure|Comedy,8.54,87,753034,78.5,8.6,72.0,3697.0,72.37,,,,
Zoku Natsume Yuujinchou,続 夏目友人帳,续 夏目友人帐,2009,Slice of Life|Supernatural,8.53,90,133834,77.75,,,,,8.0,110.0,7786.0,57.75
Fruits Basket 2nd Season,フルーツバスケット 2nd season,BanG Dream! 第二季,2020,Drama|Romance|Supernatural|Comedy,8.53,91,300011,77.5,8.5,99.0,12983.0,61.87,7.3,228.0,4068.0,12.02
Dr. Stone: Science Future Part 2,Dr.STONE SCIENCE FUTURE 第2クール,石纪元 科学与未来 第2部分,2025,Adventure|Comedy,8.52,92,102338,77.25,,,,,7.5,200.0,2243.0,22.87
[Oshi no Ko] 2nd Season,【推しの子】第2期,胆大党 第二季,2024,Drama|Fantasy,8.52,93,247102,77.0,8.2,196.0,14980.0,24.12,7.3,229.0,8063.0,11.63
Bakuman. 3rd Season,バクマン。,爆漫王。3,2012,Comedy|Drama|Romance|Action|Adventure,8.52,94,202976,76.75,8.4,113.0,4032.0,56.42,8.3,35.0,5001.0,86.82
Samurai Champloo,サムライチャンプルー,混沌武士,2004,Action|Adventure|Comedy,8.52,95,682345,76.5,8.5,101.0,62899.0,61.09,8.5,19.0,10713.0,93.02
Fate/strange Fake,Fate/strange Fake,Fate/strange Fake,2026,Action|Fantasy|Adventure,8.51,96,18461,76.25,8.3,181.0,1110.0,29.96,7.7,152.0,3640.0,41.47
Gintama. Porori-hen,銀魂。ポロリ編,,2017,Action|Comedy|Sci-Fi|Adventure|Drama,8.51,97,111997,76.0,8.4,118.0,19.0,54.47,,,,
Koukaku Kidoutai: Stand Alone Complex 2nd GIG,攻殻機動隊 S.A.C. 2nd GIG,攻壳机动队 S.A.C. 2nd GIG,2004,Mystery|Sci-Fi|Action|Crime,8.51,98,108975,75.75,8.5,102.0,22272.0,60.7,9.2,1.0,9621.0,100.0
Jujutsu Kaisen,呪術廻戦,,2020,Action|Award Winning|Supernatural|Adventure,8.51,99,1966489,75.5,8.5,104.0,189010.0,59.92,,,,
Grand Blue Season 2,ぐらんぶる Season 2,碧蓝之海 第二季,2025,Comedy|Action|Adventure,8.5,102,82101,74.75,8.3,178.0,51454.0,31.13,7.3,230.0,7970.0,11.24
Yuru Camp△ Season 2,ゆるキャン△ SEASON2,摇曳露营△ 第二季,2021,Slice of Life|Action|Adventure,8.5,103,112414,74.5,8.5,105.0,189010.0,59.53,8.3,39.0,11803.0,85.27
Sora yori mo Tooi Basho,宇宙よりも遠い場所,比宇宙更远的地方,2018,Adventure|Comedy|Drama|Action,8.5,100,234982,75.25,8.5,106.0,64638.0,59.14,8.2,54.0,15143.0,79.46
JoJo no Kimyou na Bouken Part 4: Diamond wa Kudakenai,ジョジョの奇妙な冒険 ダイヤモンドは砕けない,JOJO的奇妙冒险 不灭钻石,2016,Action|Adventure|Crime|Drama,8.5,101,865324,75.0,8.4,109.0,72747.0,57.98,7.8,141.0,14736.0,45.74
Mob Psycho 100,モブサイコ100,灵能百分百,2016,Action|Comedy|Supernatural,8.49,104,1408439,74.25,8.5,96.0,64638.0,63.04,7.8,140.0,16250.0,46.12
One Punch Man,ワンパンマン,一拳超人,2015,Action|Comedy,8.48,105,2406214,74.0,8.6,71.0,221886.0,72.76,8.0,100.0,20862.0,61.63
Ousama Ranking,王様ランキング,,2021,Adventure|Fantasy|Action,8.48,106,394988,73.75,8.4,135.0,15460.0,47.86,,,,
Yakusoku no Neverland,約束のネバーランド,约定的梦幻岛,2019,Mystery|Suspense|Action|Adventure,8.47,107,1388607,73.5,8.1,210.0,57146.0,18.68,7.6,179.0,11775.0,31.01
Uchuu Kyoudai,宇宙兄弟,,2012,Comedy,8.47,108,55813,73.25,,,,,,,,
Ansatsu Kyoushitsu 2nd Season,暗殺教室　第２期,暗杀教室 第二季,2016,Action|Comedy,8.47,109,966622,73.0,7.9,230.0,27380.0,10.89,7.7,153.0,7772.0,41.09
Aria the Origination,ARIA The ORIGINATION,水星领航员 第三季,2008,Sci-Fi|Slice of Life|Adventure|Drama,8.47,110,34679,72.75,8.4,125.0,19.0,51.75,8.7,7.0,2766.0,97.67
Nichijou,日常,日常,2011,Comedy,8.47,111,398959,72.5,,,,,8.5,24.0,24512.0,91.09
Rainbow: Nisha Rokubou no Shichinin,RAINBOW 二舎六房の七人,,2010,Drama|Suspense|Comedy,8.46,112,166466,72.25,8.4,123.0,5700.0,52.53,,,,
Summertime Render,サマータイムレンダ,夏日重现,2022,Mystery|Supernatural|Suspense|Short|Action,8.46,113,286181,72.0,8.3,184.0,1970.0,28.79,7.5,201.0,19238.0,22.48
Medalist 2nd Season,メダリスト 第2期,金牌得主,2026,Drama|Sports,8.45,118,4041,70.75,,,,,8.0,105.0,12258.0,59.69
Owarimonogatari,終物語,终物语,2015,Comedy|Mystery|Supernatural|Fantasy,8.45,117,250442,71.0,8.4,115.0,2552.0,55.64,7.8,132.0,8419.0,49.22
Banana Fish,BANANA FISH,战栗杀机,2018,Action|Adventure|Drama|Suspense,8.45,114,411210,71.75,,,,,7.2,248.0,2042.0,4.26
Grand Blue,ぐらんぶる,碧蓝之海,2018,Comedy,8.45,116,478198,71.25,,,,,7.9,125.0,16930.0,51.94
Chihayafuru 3,ちはやふる 3,,2019,Drama|Romance|Sports|Action,8.45,115,70483,71.5,8.7,36.0,101016.0,86.38,,,,
JoJo no Kimyou na Bouken Part 3: Stardust Crusaders - Egypt-hen,ジョジョの奇妙な冒険 スターダストクルセイダース エジプト編,JOJO的奇妙冒险 星尘斗士 埃及篇,2015,Action|Adventure,8.44,119,873285,70.5,,,,,8.2,61.0,17078.0,76.74
Dandadan,ダンダダン,胆大党,2024,Action|Comedy|Supernatural|Adventure,8.43,120,570212,70.25,8.3,175.0,51454.0,32.3,7.5,198.0,15398.0,23.64
Re:Zero kara Hajimeru Isekai Seikatsu 3rd Season,Re:ゼロから始める異世界生活 3rd season,Re：从零开始的异世界生活 第三季 袭击篇,2024,Drama|Fantasy|Suspense,8.43,121,216328,70.0,,,,,7.2,256.0,7407.0,1.16
Zoku Owarimonogatari,続・終物語,终物语（下）,2019,Comedy|Mystery|Supernatural|Action|Adventure,8.43,122,120673,69.75,7.7,239.0,22844.0,7.39,8.1,80.0,7625.0,69.38
Chainsaw Man,チェンソーマン,,2022,Action|Fantasy|Comedy,8.43,123,1115297,69.5,8.3,174.0,97277.0,32.68,,,,
Haikyuu!!,ハイキュー!!,排球少年,2014,Sports|Comedy|Drama,8.43,124,1337298,69.25,8.7,50.0,51821.0,80.93,8.1,78.0,9006.0,70.16
Golden Kamuy 3rd Season,ゴールデンカムイ,黄金神威,2020,Action|Adventure,8.43,125,97605,69.0,8.0,229.0,3473.0,11.28,7.5,196.0,4256.0,24.42
Dandadan 2nd Season,ダンダダン 第2期,乱马1/2 第二季,2025,Action|Comedy|Supernatural|Adventure,8.42,131,270806,67.5,8.3,173.0,51454.0,33.07,7.3,236.0,2466.0,8.91
Re:Zero kara Hajimeru Isekai Seikatsu 2nd Season Part 2,Re：ゼロから始める異世界生活 2 part 2,Re：从零开始的异世界生活 第二季,2021,Drama|Fantasy|Suspense|Adventure,8.42,129,624907,68.0,8.6,68.0,2655.0,73.93,7.4,217.0,14534.0,16.28
Kono Oto Tomare! Part 2,この音とまれ！,,2019,Drama,8.42,130,106856,67.75,,,,,,,,
Koukaku Kidoutai: Stand Alone Complex,攻殻機動隊 STAND ALONE COMPLEX,攻壳机动队 STAND ALONE COMPLEX,2002,Award Winning|Mystery|Sci-Fi|Action|Crime,8.42,126,171869,68.75,8.5,78.0,22272.0,70.04,9.1,3.0,11003.0,99.22
Spy x Family,SPY×FAMILY,间谍过家家,2022,Action|Award Winning|Comedy,8.42,128,1147012,68.25,8.2,199.0,59800.0,22.96,7.2,253.0,22223.0,2.33
Bungou Stray Dogs 4th Season,文豪ストレイドッグス,,2023,Action|Mystery,8.42,127,146400,68.5,,,,,,,,
Saiki Kusuo no Ψ-nan,斉木楠雄のΨ難,齐木楠雄的灾难,2016,Comedy|Adventure,8.41,132,692454,67.25,8.9,16.0,1957.0,94.16,7.7,157.0,15346.0,39.53
Saiki Kusuo no Ψ-nan 2,斉木楠雄のΨ難 2,齐木楠雄的灾难 第二季,2018,Comedy|Action|Adventure,8.41,135,427342,66.5,8.1,209.0,57146.0,19.07,7.7,158.0,10902.0,39.15
Mononoke,モノノ怪,物怪,2007,Horror|Mystery|Supernatural|Suspense,8.41,133,105227,67.0,,,,,8.2,59.0,4177.0,77.52
Kimetsu no Yaiba,鬼滅の刃,鬼灭之刃,2019,Action|Award Winning|Supernatural|Adventure,8.41,134,2340075,66.75,8.6,65.0,219083.0,75.1,7.3,238.0,20659.0,8.14
Kaguya-sama wa Kokurasetai: Tensai-tachi no Renai Zunousen,かぐや様は告らせたい～天才たちの恋愛頭脳戦～,辉夜大小姐想让我告白～天才们的恋爱头脑战～,2019,Comedy|Romance|Drama,8.4,136,1202429,66.25,8.5,75.0,28175.0,71.21,7.8,136.0,26295.0,47.67
Mushoku Tensei II: Isekai Ittara Honki Dasu Part 2,無職転生 II ～異世界行ったら本気だす～ (第2クール),无职转生 第二季 ～到了异世界就拿出真本事～ 第2部分,2024,Adventure|Drama|Fantasy|Ecchi|Action,8.39,139,320394,65.5,8.2,193.0,35340.0,25.29,7.6,180.0,13206.0,30.62
Houseki no Kuni,宝石の国,宝石之国,2017,Action|Drama|Fantasy|Mystery|Adventure,8.39,137,218213,66.0,8.4,134.0,15460.0,48.25,7.6,188.0,11307.0,27.52
Major S5,メジャー,,2009,Sports,8.39,138,43740,65.75,,,,,,,,
Kaze ga Tsuyoku Fuiteiru,風が強く吹いている,强风吹拂,2018,Drama|Sports|Comedy|Sport,8.38,142,150444,64.75,8.3,186.0,2309.0,28.02,8.4,31.0,10118.0,88.37
Vivy: Fluorite Eye's Song,Vivy -Fluorite Eye's Song- (ヴィヴィ -フローライトアイズソング-),,2021,Action|Sci-Fi|Suspense|Drama|Fantasy,8.38,140,270548,65.25,8.4,132.0,39704.0,49.03,,,,
Mahou Shoujo Madoka★Magica,魔法少女まどか★マギカ,魔法少女小圆,2011,Award Winning|Drama|Suspense|Action|Adventure,8.38,141,811537,65.0,8.2,207.0,13708.0,19.84,8.6,16.0,36965.0,94.19
Golden Kamuy: Saishuushou,ゴールデンカムイ 最終章,,2026,Action|Adventure,8.37,143,4002,64.5,,,,,,,,
Medalist,メダリスト,,2025,Drama|Sports,8.37,144,35992,64.25,,,,,,,,
3-gatsu no Lion,3月のライオン,3月的狮子,2016,Drama|Action|Adventure,8.37,145,299470,64.0,7.7,243.0,45351.0,5.84,8.3,43.0,10701.0,83.72
Haikyuu!! To the Top,ハイキュー!! TO THE TOP,排球少年 TO THE TOP,2020,Sports,8.37,146,642522,63.75,,,,,7.5,194.0,3326.0,25.19
Chihayafuru 2,ちはやふる 2,歌牌情缘 第二季,2013,Drama|Romance|Sports,8.37,147,137859,63.5,,,,,8.2,58.0,3989.0,77.91
Girls Band Cry,ガールズバンドクライ,GIRLS BAND CRY,2024,Drama|Action|Adventure,8.36,151,52955,62.5,7.4,252.0,28111.0,2.33,7.6,186.0,23081.0,28.29
Cross Game,クロスゲーム,,2009,Drama|Romance|Sports|Comedy,8.36,150,53561,62.75,8.8,26.0,90568.0,90.27,,,,
Karakai Jouzu no Takagi-san 3,からかい上手の高木さん3,擅长捉弄的高木同学 第三季,2022,Comedy|Romance,8.36,148,95549,63.25,,,,,8.0,97.0,7828.0,62.79
Barakamon,ばらかもん,元气囝仔,2014,Slice of Life|Comedy|Fantasy,8.36,149,360503,63.0,8.4,129.0,2552.0,50.19,7.7,161.0,4904.0,37.98
Yahari Ore no Seishun Love Comedy wa Machigatteiru. Kan,やはり俺の青春ラブコメはまちがっている。完,,2020,Comedy|Romance,8.35,152,452529,62.25,,,,,,,,
Non Non Biyori Nonstop,のんのんびより のんすとっぷ,悠哉日常大王 Nonstop,2021,Slice of Life,8.35,153,53627,62.0,,,,,8.2,53.0,6032.0,79.84
Fumetsu no Anata e,不滅のあなたへ,,2021,Adventure|Drama|Supernatural,8.35,154,420512,61.75,8.3,182.0,12515.0,29.57,,,,
IDOLiSH7 Third Beat! Part 2,アイドリッシュセブン,,2022,Drama,8.35,155,6072,61.5,,,,,,,,
Baccano!,バッカーノ！,永生之酒,2007,Action|Mystery|Supernatural|Adventure,8.35,156,397870,61.25,8.2,189.0,89694.0,26.85,8.2,51.0,11312.0,80.62
Yofukashi no Uta Season 2,よふかしのうた Season2,彻夜之歌 第二季,2025,Romance|Supernatural|Action|Adventure,8.34,162,84859,59.75,8.0,226.0,11323.0,12.45,7.7,162.0,5148.0,37.6
Hibike! Euphonium 2,響け！ユーフォニアム2,吹响吧！上低音号 第二季,2016,Drama,8.34,161,135437,60.0,,,,,8.5,20.0,17178.0,92.64
86,86―エイティシックス―,86 -不存在的战区- 第2部分,2021,Drama|Sci-Fi|Action,8.34,160,500332,60.25,8.2,192.0,14019.0,25.68,8.0,92.0,14605.0,64.73
Kono Subarashii Sekai ni Shukufuku wo! 3,この素晴らしい世界に祝福を！3,为美好的世界献上祝福！第三季,2024,Adventure|Comedy|Fantasy,8.34,157,233004,61.0,,,,,7.7,164.0,12582.0,36.82
Kimetsu no Yaiba: Mugen Ressha-hen,鬼滅の刃 無限列車編,鬼灭之刃 无限列车篇,2021,Action|Supernatural|Adventure,8.34,159,582692,60.5,8.6,56.0,219083.0,78.6,7.3,239.0,9654.0,7.75
Tensei shitara Slime Datta Ken 2nd Season,転生したらスライムだった件,无职转生～到了异世界就拿出真本事～,2021,Action|Comedy|Fantasy|Crime|Drama,8.34,158,638896,60.75,8.5,76.0,6972.0,70.82,7.9,114.0,24606.0,56.2
Psycho-Pass,サイコパス,心理测量者,2012,Action|Mystery|Sci-Fi|Suspense,8.33,163,827405,59.5,,,,,7.9,113.0,14216.0,56.59
Mushoku Tensei: Isekai Ittara Honki Dasu,無職転生 ～異世界行ったら本気だす～,无职转生 第二季 ～到了异世界就拿出真本事～,2021,Adventure|Drama|Fantasy|Ecchi,8.33,164,959340,59.25,8.6,63.0,2655.0,75.88,7.3,233.0,15136.0,10.08
Bakuman. 2nd Season,バクマン。2ndシーズン,爆漫王。2,2011,Comedy|Drama|Romance,8.33,165,221489,59.0,,,,,8.1,88.0,5234.0,66.28
Fate/stay night: Unlimited Blade Works 2nd Season,Fate/stay night [Unlimited Blade Works] 2nd シーズン,Fate/stay night [Unlimited Blade Works] 第二季,2015,Action|Fantasy,8.32,166,601860,58.75,,,,,7.5,199.0,17873.0,23.26
One Outs,ワンナウツ,,2008,Sports|Suspense|Action|Adventure,8.32,167,122587,58.5,9.1,3.0,243125.0,99.22,,,,
Re:Zero kara Hajimeru Isekai Seikatsu 2nd Season,Re：ゼロから始める異世界生活 2,Re：从零开始的异世界生活 新编集版,2020,Drama|Fantasy|Suspense,8.32,168,746203,58.25,,,,,7.6,181.0,7059.0,30.23
Bakemonogatari,化物語,化物语,2009,Mystery|Romance|Supernatural|Short|Comedy,8.32,169,768434,58.0,8.3,170.0,76.0,34.24,8.4,27.0,23928.0,89.92
Kiseijuu: Sei no Kakuritsu,寄生獣 セイの格率,寄生兽 生命的准则,2014,Action|Horror|Sci-Fi|Suspense|Drama,8.32,170,1244702,57.75,8.2,187.0,61388.0,27.63,8.0,96.0,15895.0,63.18
Usagi Drop,うさぎドロップ,白兔糖,2011,Slice of Life,8.32,171,254574,57.5,,,,,8.0,99.0,8468.0,62.02
Major S6,メジャー 第6シリーズ,,2010,Sports,8.31,175,38929,56.5,,,,,,,,
Diamond no Ace: Second Season,ダイヤのA[エース]～Second Season～,,2015,Sports,8.31,174,82412,56.75,,,,,,,,
Uma Musume: Pretty Derby Season 2,ウマ娘 プリティーダービー Season 2,赛马娘 Pretty Derby 第二季,2021,Sports,8.31,173,56094,57.0,,,,,8.4,32.0,17043.0,87.98
NHK ni Youkoso!,N・H・Kにようこそ！,欢迎加入NHK！,2006,Comedy|Drama|Romance,8.31,172,369174,57.25,,,,,8.2,68.0,8511.0,74.03
Dr. Stone: New World Part 2,Dr.STONE NEW WORLD,石纪元 新世界,2023,Adventure|Comedy,8.3,176,224754,56.25,,,,,7.2,241.0,3791.0,6.98
Ookami to Koushinryou II,狼と香辛料II,狼与香辛料 第二季,2009,Adventure|Drama|Romance|Supernatural|Action,8.3,177,288851,56.0,8.7,46.0,217267.0,82.49,7.8,134.0,8203.0,48.45
Natsume Yuujinchou,夏目友人帳,夏目友人帐,2008,Slice of Life|Supernatural,8.3,178,199026,55.75,,,,,8.0,94.0,11608.0,63.95
Initial D Final Stage,頭文字 D Final Stage,,2014,Action|Drama|Sport,8.3,179,84760,55.5,8.4,111.0,1203.0,57.2,,,,
Boku dake ga Inai Machi,僕だけがいない街,只有我不存在的城市,2016,Mystery|Suspense|Crime|Drama,8.3,180,1469100,55.25,8.4,112.0,72748.0,56.81,7.6,187.0,13707.0,27.91
Kingdom 2nd Season,キングダム 第2シリーズ,记录的地平线 第二季,2013,Action|Drama,8.29,191,73844,52.5,8.8,22.0,6196.0,91.83,7.2,246.0,4416.0,5.04
Kemono no Souja Erin,獣の奏者エリン,东之伊甸,2009,Drama|Fantasy|Short|Comedy,8.29,190,22832,52.75,8.3,179.0,76.0,30.74,7.5,205.0,5148.0,20.93
Kuroko no Basket 3rd Season,黒子のバスケ,,2015,Sports,8.29,189,509805,53.0,,,,,,,,
Katanagatari,刀語,刀语,2010,Action|Adventure|Romance|Comedy|Drama,8.29,188,223145,53.25,8.8,23.0,90568.0,91.44,7.6,182.0,4350.0,29.84
Sakamichi no Apollon,坂道のアポロン,坂道上的阿波罗,2012,Drama|Romance|Action|Adventure,8.29,187,181957,53.5,9.1,1.0,691912.0,100.0,7.5,206.0,3213.0,20.54
Given,ギヴン,,2019,Boys Love|Drama,8.29,186,344481,53.75,,,,,,,,
Tensei shitara Slime Datta Ken 2nd Season Part 2,転生したらスライムだった件,,2021,Action|Comedy|Fantasy,8.29,185,520149,54.0,,,,,,,,
Beck,ベック,,2004,Drama|Action|Adventure,8.29,184,150308,54.25,8.2,195.0,89694.0,24.51,,,,
Ano Hi Mita Hana no Namae wo Bokutachi wa Mada Shiranai.,あの日見た花の名前を僕達はまだ知らない。,我们仍未知道那天所看见的花的名字。,2011,Drama|Supernatural|Action|Adventure,8.29,183,1031056,54.5,8.2,194.0,13708.0,24.9,7.6,183.0,26312.0,29.46
Naruto: Shippuuden,-ナルト- 疾風伝,火影忍者疾风传,2007,Action|Adventure|Fantasy,8.29,182,1807771,54.75,8.7,44.0,217277.0,83.27,7.6,185.0,7643.0,28.68
Yuukoku no Moriarty Part 2,憂国のモリアーティ,,2021,Mystery|Suspense|Adventure|Drama,8.29,181,136180,55.0,8.3,168.0,12515.0,35.02,,,,
Diamond no Ace: Act II,ダイヤのA[エース] actII,,2019,Sports|Comedy|Sport,8.28,192,50588,52.25,8.3,172.0,411.0,33.46,,,,
Kino no Tabi: The Beautiful World,キノの旅 -the Beautiful World-,奇诺之旅,2003,Adventure|Drama|Fantasy,8.28,193,105453,52.0,8.3,171.0,3655.0,33.85,8.1,89.0,5176.0,65.89
Gin no Saji 2nd Season,銀の匙,,2014,Comedy|Action|Adventure,8.27,194,94382,51.75,9.1,4.0,691912.0,98.83,,,,
"Shangri-La Frontier: Kusoge Hunter, Kamige ni Idoman to su 2nd Season",シャングリラ・フロンティア～クソゲーハンター、神ゲーに挑まんとす～ 2nd season,,2024,Action|Adventure|Fantasy,8.26,201,126450,50.0,,,,,,,,
Kage no Jitsuryokusha ni Naritakute! 2nd Season,陰の実力者になりたくて！ 2nd Season,想要成为影之实力者！ 第二季,2023,Action|Comedy|Fantasy|Adventure,8.26,203,291710,49.5,7.7,242.0,13938.0,6.23,7.3,240.0,9724.0,7.36
Space☆Dandy 2nd Season,スペース☆ダンディ 第2シリーズ,太空丹迪 第二季,2014,Comedy|Sci-Fi|Drama|Sport,8.26,202,95600,49.75,8.6,58.0,6003.0,77.82,8.2,57.0,3651.0,78.29
Dororo,どろろ,Endro~！,2019,Action|Adventure|Fantasy,8.26,200,695014,50.25,8.2,208.0,28462.0,19.46,7.2,245.0,2806.0,5.43
Yuru Camp△,ゆるキャン△,摇曳露营△,2018,Slice of Life,8.26,197,238388,51.0,,,,,8.2,55.0,16679.0,79.07
Shirobako,SHIROBAKO,白箱,2014,Award Winning|Comedy|Drama|Action|Adventure,8.26,198,149169,50.75,9.1,5.0,691912.0,98.44,8.7,11.0,22390.0,96.12
Gyakkyou Burai Kaiji: Ultimate Survivor,逆境無頼カイジ Ultimate Survivor,赌博默示录,2007,Suspense,8.26,199,177263,50.5,,,,,7.9,126.0,6317.0,51.55
Dr. Stone,ドクターストーン,,2019,Adventure|Comedy|Action,8.26,196,1169309,51.25,8.1,214.0,41227.0,17.12,,,,
Fate/Zero,フェイト/ゼロ,,2011,Action|Fantasy|Adventure,8.26,195,909239,51.5,7.9,234.0,31898.0,9.34,,,,
Dr. Stone: Science Future,Dr.STONE SCIENCE FUTURE,石纪元 科学与未来,2025,Adventure|Comedy|Action,8.25,206,140332,48.75,7.5,245.0,15437.0,5.06,7.3,237.0,2719.0,8.53
Dungeon ni Deai wo Motomeru no wa Machigatteiru Darou ka IV: Shin Shou - Yakusai-hen,ダンジョンに出会いを求めるのは間違っているだろうかⅣ深章 厄災篇,在地下城寻求邂逅是否搞错了什么 第四季 深章 灾厄篇,2023,Action|Adventure|Fantasy,8.25,204,153788,49.25,,,,,7.2,244.0,3451.0,5.81
Nodame Cantabile,のだめカンタービレ,交响情人梦,2007,Comedy|Romance|Drama,8.25,205,134164,49.0,8.5,81.0,8862.0,68.87,8.0,93.0,2778.0,64.34
Jigokuraku 2nd Season,地獄楽第二期,,2026,Action|Adventure|Supernatural|Drama|History,8.24,217,31159,46.0,8.3,176.0,1303.0,31.91,,,,
Golden Kamuy 2nd Season,ゴールデンカムイ,黄金神威 第二季,2018,Action|Adventure,8.24,216,128317,46.25,8.0,228.0,3473.0,11.67,7.7,145.0,3330.0,44.19
Gyakkyou Burai Kaiji: Hakairoku-hen,逆境無頼カイジ 破戒録篇,赌博默示录 破戒录篇,2011,Suspense|Action|Adventure,8.24,215,116887,46.5,8.4,119.0,4032.0,54.09,7.8,131.0,4353.0,49.61
Kamisama Hajimemashita◎,神様はじめました◎,,2015,Comedy|Romance|Supernatural|Adventure|Drama,8.24,214,247322,46.75,8.1,219.0,39436.0,15.18,,,,
Shinsekai yori,新世界より,来自新世界,2012,Drama|Fantasy|Horror|Mystery|Sci-Fi|Suspense|Action|Comedy,8.24,213,288732,47.0,8.7,43.0,4045.0,83.66,8.1,73.0,14768.0,72.09
World Trigger 3rd Season,ワールドトリガー,,2021,Action|Sci-Fi|Drama|Fantasy,8.24,207,54660,48.5,8.4,122.0,39704.0,52.92,,,,
Kono Subarashii Sekai ni Shukufuku wo! 2,この素晴らしい世界に祝福を！ 2,为美好的世界献上祝福！ 第二季,2017,Adventure|Comedy|Fantasy|Drama,8.24,212,1085606,47.25,8.1,217.0,39438.0,15.95,7.7,144.0,18021.0,44.57
Planetes,プラネテス,星空清理者,2003,Award Winning|Drama|Romance|Sci-Fi|Crime,8.24,211,82763,47.5,8.7,42.0,67444.0,84.05,8.1,74.0,3661.0,71.71
IDOLiSH7 Third Beat!,アイドリッシュセブン Third BEAT!,,2021,Drama|Fantasy,8.24,210,9226,47.75,8.4,124.0,39704.0,52.14,,,,
Shoujo Shuumatsu Ryokou,少女終末旅行,少女终末旅行,2017,Adventure|Mystery|Sci-Fi|Slice of Life,8.24,209,149927,48.0,,,,,8.1,75.0,16144.0,71.32
Re:Zero kara Hajimeru Isekai Seikatsu,Re:ゼロから始める異世界生活,Re：从零开始的异世界生活,2016,Drama|Fantasy|Suspense|Action,8.24,208,1551690,48.25,8.2,204.0,61388.0,21.01,7.4,220.0,22870.0,15.12
BanG Dream! It's MyGO!!!!!,バンドリ！It's MyGO!!!!!,,2023,Drama,8.23,218,20070,45.75,,,,,8.0,102.0,29903.0,60.85
Kidou Senshi Gundam: Tekketsu no Orphans 2nd Season,機動戦士ガンダム 鉄血のオルフェンズ 第2期,,2016,Drama|Sci-Fi,8.23,219,89438,45.5,,,,,,,,
Danshi Koukousei no Nichijou,男子高校生の日常,男子高中生的日常,2012,Comedy,8.23,220,440082,45.25,,,,,7.9,115.0,21865.0,55.81
Seishun Buta Yarou wa Bunny Girl Senpai no Yume wo Minai,青春ブタ野郎はバニーガール先輩の夢を見ない,青春猪头少年不会梦到兔女郎学姐,2018,Drama|Romance|Supernatural|Fantasy,8.23,221,1227185,45.0,8.0,223.0,24840.0,13.62,7.4,218.0,23427.0,15.89
Gachiakuta,ガチアクタ,,2025,Action|Fantasy|Adventure,8.22,225,188448,44.0,8.0,224.0,11329.0,13.23,,,,
Kaijuu 8-gou,怪獣8号,,2024,Action|Fantasy|Sci-Fi|Adventure,8.22,226,409880,43.75,8.2,202.0,30443.0,21.79,,,,
Nodame Cantabile Finale,のだめカンタービレ フィナーレ,,2010,Comedy|Romance,8.22,222,71945,44.75,,,,,,,,
Kage no Jitsuryokusha ni Naritakute!,陰の実力者になりたくて！,,2022,Action|Comedy|Fantasy|Adventure|Drama,8.22,224,460186,44.25,8.3,169.0,12515.0,34.63,,,,
Boku no Hero Academia 6th Season,僕のヒーローアカデミア,,2022,Action|Adventure,8.22,223,414324,44.5,8.3,153.0,2532.0,40.86,,,,
Seihantai na Kimi to Boku,正反対な君と僕,相反的你和我,2026,Comedy|Romance,8.21,227,21654,43.5,8.2,198.0,438.0,23.35,7.6,189.0,2700.0,27.13
Spy x Family Season 3,SPY×FAMILY Season 3,间谍过家家 第二季,2025,Action|Comedy,8.21,228,112209,43.25,,,,,7.2,243.0,10221.0,6.2
Tengoku Daimakyou,天国大魔境,天国大魔境,2023,Adventure|Mystery|Sci-Fi|Action,8.21,229,287755,43.0,8.1,212.0,26957.0,17.9,7.7,143.0,14498.0,44.96
Boku no Kokoro no Yabai Yatsu,僕の心のヤバイやつ,我心里危险的东西,2023,Comedy|Romance,8.21,230,223959,42.75,,,,,7.8,130.0,14813.0,50.0
Ookami to Koushinryou,狼と香辛料,狼与香辛料,2008,Adventure|Drama|Romance|Supernatural|Action,8.21,231,413374,42.5,8.7,41.0,217277.0,84.44,7.8,133.0,11589.0,48.84
Major S3,メジャー (第3シリーズ),,2007,Sports,8.21,232,45675,42.25,,,,,,,,
Yubisaki to Renren,ゆびさきと恋々,,2024,Romance|Action|Adventure,8.2,244,156371,39.25,6.9,254.0,13257.0,1.56,,,,
Mushoku Tensei II: Isekai Ittara Honki Dasu,無職転生 II ～異世界行ったら本気だす～,,2023,Adventure|Drama|Fantasy|Ecchi,8.2,243,432574,39.5,,,,,,,,
Bungou Stray Dogs 3rd Season,文豪ストレイドッグス 第3期,,2019,Action|Mystery|Adventure,8.2,239,374849,40.5,8.2,203.0,116044.0,21.4,,,,
Yahari Ore no Seishun Love Comedy wa Machigatteiru. Zoku,やはり俺の青春ラブコメはまちがっている。続,我的青春恋爱物语果然有问题 续,2015,Comedy|Romance,8.2,233,741899,42.0,,,,,7.4,213.0,18389.0,17.83
InuYasha: Kanketsu-hen,犬夜叉 完結編,犬夜叉 完结篇,2009,Action|Adventure|Fantasy|Romance,8.2,242,152672,39.75,8.7,39.0,217277.0,85.21,7.6,190.0,2797.0,26.74
Kuroko no Basket 2nd Season,黒子のバスケ,,2013,Sports|Action|Adventure,8.2,241,584803,40.0,8.5,84.0,51183.0,67.7,,,,
xxxHOLiC◆Kei,×××HOLiC◆継,×××HOLiC◆继,2008,Comedy|Drama|Mystery|Supernatural,8.2,240,70025,40.25,,,,,7.9,120.0,3101.0,53.88
Major S1,メジャー （第1シリーズ）,,2004,Sports|Crime|Drama,8.2,234,53981,41.75,8.7,32.0,67444.0,87.94,,,,
Fruits Basket 1st Season,フルーツバスケット,,2019,Drama|Romance|Supernatural|Action|Adventure,8.2,238,446088,40.75,8.5,85.0,189010.0,67.32,,,,
Spy x Family Part 2,SPY×FAMILY,间谍过家家 第2部分,2022,Action|Comedy,8.2,237,608727,41.0,8.2,205.0,59803.0,20.62,7.3,235.0,13960.0,9.3
SKET Dance,スケットダンス,,2011,Comedy|Drama,8.2,236,88282,41.25,8.8,20.0,90568.0,92.61,,,,
Kobayashi-san Chi no Maid Dragon S,小林さんちのメイドラゴンS,小林家的龙女仆S,2021,Slice of Life|Supernatural|Comedy|Drama,8.2,235,307025,41.5,8.0,220.0,23523.0,14.79,7.5,195.0,13560.0,24.81
Magi: The Kingdom of Magic,マギ The kingdom of magic,天方魔谭MAGI 第二季,2013,Action|Adventure|Fantasy|Drama,8.2,245,482119,39.0,8.8,21.0,6196.0,92.22,7.2,258.0,2004.0,0.39
Sono Bisque Doll wa Koi wo Suru Season 2,その着せ替え人形は恋をする Season 2,更衣人偶坠入爱河 第二季,2025,Romance,8.19,250,187443,37.75,,,,,7.7,154.0,8120.0,40.7
Asobi Asobase,あそびあそばせ,来玩游戏吧,2018,Comedy|Sport,8.19,249,249916,38.0,8.3,139.0,411.0,46.3,7.6,177.0,5943.0,31.78
Senki Zesshou Symphogear XV,戦姫絶唱シンフォギアXV,,2019,Action|Sci-Fi|Adventure,8.19,246,15815,38.75,8.1,218.0,21994.0,15.56,,,,
Great Pretender,GREAT PRETENDER,大欺诈师,2020,Action|Adventure|Mystery,8.19,247,354885,38.5,,,,,7.2,242.0,4217.0,6.59
Vanitas no Karte Part 2,ヴァニタスの手記,,2022,Action|Fantasy|Mystery|Adventure,8.19,248,149047,38.25,8.6,64.0,219083.0,75.49,,,,
Ore dake Level Up na Ken,俺だけレベルアップな件,,2024,Action|Adventure|Fantasy,8.18,257,686573,36.0,8.5,87.0,104977.0,66.54,,,,
K-On!!,けいおん!!,轻音少女 第二季,2010,Award Winning|Comedy,8.18,255,411448,36.5,,,,,8.4,29.0,23651.0,89.15
Fate/stay night: Unlimited Blade Works,Fate/stay night [Unlimited Blade Works],Fate/stay night [Unlimited Blade Works],2014,Action|Fantasy|Comedy|Drama,8.18,258,725981,35.75,8.5,89.0,48589.0,65.76,7.5,208.0,18953.0,19.77
Nomad: Megalo Box 2,NOMAD メガロボクス2,NOMAD MEGALO BOX 2,2021,Sci-Fi|Sports,8.18,256,91417,36.25,,,,,8.0,104.0,5260.0,60.08
Major S4,メジャー　（第4シリーズ),,2008,Sports,8.18,251,42853,37.5,,,,,,,,
Hachimitsu to Clover II,ハチミツとクローバー II,蜂蜜与四叶草II,2006,Drama|Romance,8.18,254,56431,36.75,,,,,8.5,23.0,4361.0,91.47
Horimiya,ホリミヤ,,2021,Romance|Comedy|Drama,8.18,253,980730,37.0,8.0,222.0,23523.0,14.01,,,,
Sasaki to Miyano,佐々木と宮野,,2022,Boys Love|Action|Comedy,8.18,252,106050,37.25,8.3,145.0,97277.0,43.97,,,,
Seishun Buta Yarou wa Santa Claus no Yume wo Minai,青春ブタ野郎はサンタクロースの夢を見ない,,2025,Drama|Romance|Supernatural,8.17,269,63591,33.0,,,,,,,,
Yuusha-kei ni Shosu: Choubatsu Yuusha 9004-tai Keimu Kiroku,勇者刑に処す 懲罰勇者9004隊刑務記録,,2026,Action|Adventure|Fantasy,8.17,268,41964,33.25,8.4,117.0,2893.0,54.86,,,,
Chihayafuru,ちはやふる,歌牌情缘,2011,Drama|Romance|Sports,8.17,267,194298,33.5,,,,,8.0,112.0,5225.0,56.98
Little Busters! Refrain,リトルバスターズ！～Refrain～,Little Busters! 〜Refrain〜,2013,Comedy|Drama|Romance|Action|Adventure,8.17,266,81135,33.75,8.3,148.0,149296.0,42.8,7.8,137.0,4741.0,47.29
Bakuman.,バクマン。,爆漫王。,2010,Comedy|Drama|Romance,8.17,265,309946,34.0,,,,,8.0,103.0,6924.0,60.47
Black Lagoon: The Second Barrage,BLACK LAGOON The Second Barrage,黑礁 The Second Barrage,2006,Action|Comedy,8.17,264,339922,34.25,8.6,67.0,1849.0,74.32,7.9,129.0,4959.0,50.39
Yuukoku no Moriarty,憂国のモリアーティ,,2020,Mystery|Suspense|Action|Adventure,8.17,259,208076,35.5,7.7,244.0,22844.0,5.45,,,,
Major S2,メジャー (第2シリーズ),,2006,Sports,8.17,263,47721,34.5,,,,,,,,
Non Non Biyori Repeat,のんのんびより りぴーと,悠哉日常大王 Repeat,2015,Slice of Life,8.17,262,107004,34.75,,,,,8.0,95.0,7267.0,63.57
Initial D Fourth Stage,頭文字〈イニシャル〉D FOURTH STAGE,,2004,Action|Drama,8.17,261,118360,35.0,,,,,,,,
Ballroom e Youkoso,ボールルームへようこそ,,2017,Sports|Action|Adventure,8.17,260,159634,35.25,8.3,149.0,44611.0,42.41,,,,
Kuroshitsuji: Midori no Majo-hen,黒執事 -緑の魔女編-,,2025,Action|Mystery|Supernatural|Drama|Sci-Fi,8.16,275,24401,31.5,8.7,34.0,24491.0,87.16,,,,
Ao no Hako,アオのハコ,,2024,Romance|Sports|Adventure|Comedy,8.16,276,145011,31.25,8.0,225.0,13734.0,12.84,,,,
Bungou Stray Dogs 2nd Season,文豪ストレイドッグス,,2016,Action|Mystery,8.16,274,541049,31.75,,,,,,,,
Aria the Natural,ARIA The NATURAL,水星领航员 第二季,2006,Sci-Fi|Slice of Life|Adventure|Comedy,8.16,270,31995,32.75,8.5,91.0,1240.0,64.98,8.3,50.0,2649.0,81.01
Ouran Koukou Host Club,桜蘭高校ホスト部,樱兰高校男公关部,2006,Comedy|Romance,8.16,272,725054,32.25,,,,,7.6,176.0,5565.0,32.17
Higurashi no Naku Koro ni Kai,ひぐらしのなく頃に解,寒蝉鸣泣之时 解,2007,Horror|Mystery|Suspense|Family|History,8.16,273,266777,32.0,8.3,150.0,652.0,42.02,8.1,90.0,12420.0,65.5
Kimetsu no Yaiba: Katanakaji no Sato-hen,鬼滅の刃 刀鍛冶の里編,,2023,Action|Supernatural,8.16,271,664073,32.5,,,,,,,,
Dr. Stone: New World,Dr.STONE NEW WORLD,石纪元 新世界 第2部分,2023,Adventure|Comedy,8.15,279,285092,30.5,,,,,7.4,221.0,3575.0,14.73
Ao Ashi,アオアシ,青之芦苇,2022,Sports|Comedy|Drama,8.15,278,128838,30.75,8.3,166.0,5690.0,35.8,7.4,222.0,2736.0,14.34
Dr. Stone: Stone Wars,ドクターストーン STONE WARS,,2021,Adventure|Comedy|Action,8.15,277,678098,31.0,8.1,216.0,41227.0,16.34,,,,
The Fable,ザ・ファブル,,2024,Comedy|Suspense|Action|Adventure,8.14,281,39278,30.0,8.3,165.0,1110.0,36.19,,,,
Toaru Kagaku no Railgun T,とある科学の超電磁砲[レールガン]T,某科学的超电磁炮T,2020,Action|Fantasy|Sci-Fi|Adventure|Drama,8.14,287,102841,28.5,8.3,164.0,12515.0,36.58,7.6,170.0,12173.0,34.5
Kidou Senshi Gundam: The Origin - Zenya Akai Suisei,機動戦士ガンダム THE ORIGIN 前夜 赤い彗星,,2019,Sci-Fi|Action|Adventure,8.14,286,12703,28.75,8.3,163.0,8449.0,36.96,,,,
Kaiba,カイバ,海马,2008,Adventure|Avant Garde|Award Winning|Mystery|Romance|Sci-Fi,8.14,285,48596,29.0,,,,,8.0,111.0,2314.0,57.36
Noragami Aragoto,ノラガミ ARAGOTO,,2015,Action|Supernatural,8.14,280,941542,30.25,,,,,,,,
Princess Tutu,プリンセスチュチュ,,2002,Drama|Mystery|Romance,8.14,283,70459,29.5,,,,,,,,
Lycoris Recoil,リコリス・リコイル,,2022,Action,8.14,282,286978,29.75,,,,,,,,
Black Clover,ブラッククローバー,,2017,Action|Fantasy|Adventure,8.14,284,972422,29.25,8.2,190.0,47461.0,26.46,,,,
Horimiya: Piece,ホリミヤ -piece-,航海王：粉丝来信,2023,Romance,8.13,288,202094,28.25,,,,,8.6,17.0,3942.0,93.8
IDOLiSH7 Second Beat!,アイドリッシュセブン Second BEAT!,,2020,Drama,8.13,289,13050,28.0,,,,,,,,
Eizouken ni wa Te wo Dasu na!,映像研には手を出すな!,别对映像研出手！,2020,Adventure|Award Winning|Comedy,8.13,296,148712,26.25,,,,,8.1,81.0,8714.0,68.99
Nodame Cantabile: Paris-hen,のだめカンタービレ 巴里編,,2008,Comedy|Romance,8.13,290,77814,27.75,,,,,,,,
Kamisama Hajimemashita,神様はじめました,人类衰退之后,2012,Comedy|Romance|Supernatural,8.13,291,370718,27.5,,,,,7.9,119.0,8863.0,54.26
Death Parade,デス・パレード,,2015,Drama|Fantasy|Suspense,8.13,292,1077848,27.25,,,,,,,,
Golden Kamuy 4th Season,ゴールデンカムイ,,2022,Action|Adventure,8.13,293,46498,27.0,,,,,,,,
Sono Bisque Doll wa Koi wo Suru,その着せ替え人形は恋をする,更衣人偶坠入爱河,2022,Romance|Comedy,8.13,294,794251,26.75,7.9,235.0,24648.0,8.95,7.2,247.0,16163.0,4.65
Tensei shitara Slime Datta Ken,転生したらスライムだった件,,2018,Action|Comedy|Fantasy|Adventure,8.13,295,982333,26.5,8.0,221.0,22734.0,14.4,,,,
Shinigami Bocchan to Kuro Maid 3rd Season,死神坊ちゃんと黒メイド 第3期,,2024,Comedy|Fantasy|Romance,8.12,304,26914,24.25,8.7,33.0,590.0,87.55,,,,
Boku no Hero Academia 7th Season,僕のヒーローアカデミア 第7期,,2024,Action,8.12,303,214260,24.5,,,,,,,,
Lupin III: Part 5,ルパン三世 PART5,,2018,Action|Adventure|Comedy|Mystery,8.12,305,18269,24.0,,,,,,,,
Seirei no Moribito,精霊の守り人,,2007,Action|Adventure|Fantasy,8.12,301,80295,25.0,,,,,,,,
Katekyou Hitman Reborn!,家庭教師ヒットマンREBORN!,家庭教师HITMAN REBORN!,2006,Action|Comedy,8.12,302,269394,24.75,,,,,7.6,172.0,4165.0,33.72
Blue Lock,ブルーロック,,2022,Sports|Comedy|Drama,8.12,297,487651,26.0,8.3,162.0,8252.0,37.35,,,,
Nisemonogatari,偽物語,伪物语,2012,Comedy|Mystery|Supernatural|Ecchi,8.12,300,452185,25.25,,,,,7.9,118.0,14605.0,54.65
Fullmetal Alchemist,鋼の錬金術師,钢之炼金术师,2003,Action|Adventure|Award Winning|Drama|Fantasy,8.12,299,928910,25.5,,,,,8.2,70.0,9718.0,73.26
Ookami to Koushinryou: Merchant Meets the Wise Wolf,狼と香辛料 MERCHANT MEETS THE WISE WOLF,狼与香辛料 行商邂逅贤狼,2024,Adventure|Drama|Romance|Supernatural,8.12,298,83977,25.75,,,,,7.3,234.0,4109.0,9.69
Silent Witch: Chinmoku no Majo no Kakushigoto,サイレント・ウィッチ 沈黙の魔女の隠しごと,,2025,Fantasy,8.11,314,99622,21.75,,,,,,,,
JoJo no Kimyou na Bouken Part 3: Stardust Crusaders,ジョジョの奇妙な冒険 スターダストクルセイダース,JOJO的奇妙冒险 星尘斗士,2014,Action|Adventure,8.11,313,955800,22.0,8.5,92.0,51183.0,64.59,8.0,98.0,16944.0,62.4
Hinamatsuri,ヒナまつり,黑社会的超能力女儿,2018,Comedy|Adventure,8.11,312,268204,22.25,8.7,49.0,1013.0,81.32,7.2,251.0,9294.0,3.1
Kuragehime,海月姫,,2010,Comedy,8.11,311,119354,22.5,,,,,,,,
Diamond no Ace,ダイヤのA[エース],,2013,Sports|Action|Adventure,8.11,306,123325,23.75,7.5,249.0,61559.0,3.5,,,,
Initial D Fifth Stage,頭文字 D Fifth Stage,偶像大师,2012,Action|Drama|Sport,8.11,309,89036,23.0,8.4,127.0,1203.0,50.97,8.3,47.0,8350.0,82.17
Fumetsu no Anata e Season 2,不滅のあなたへ Season2,,2022,Adventure|Drama|Supernatural|Action,8.11,310,133832,22.75,9.0,9.0,73293.0,96.89,,,,
Gankutsuou,巌窟王,,2004,Award Winning|Drama|Mystery|Sci-Fi|Supernatural|Suspense|Action|Adventure,8.11,308,78800,23.25,8.5,79.0,85466.0,69.65,,,,
Shokugeki no Souma,食戟のソーマ,食戟之灵,2015,Gourmet|Ecchi|Comedy,8.11,307,1051870,23.5,7.5,250.0,9878.0,3.11,7.2,252.0,8830.0,2.71
Buddy Daddies,Buddy Daddies,,2023,Action|Comedy,8.1,315,158641,21.5,,,,,,,,
Tsurune: Tsunagari no Issha,ツルネ ―つながりの一射―,,2023,Sports|Short|Comedy,8.1,316,21300,21.25,8.5,82.0,95.0,68.48,,,,
"Shangri-La Frontier: Kusoge Hunter, Kamige ni Idoman to su",シャングリラ・フロンティア～クソゲーハンター、神ゲーに挑まんとす～,,2023,Action|Adventure|Fantasy|Drama|History,8.1,317,232770,21.0,8.6,69.0,22476.0,73.54,,,,
Skip to Loafer,スキップとローファー,跃动青春,2023,Drama|Action,8.1,318,157678,20.75,8.1,215.0,19622.0,16.73,7.7,160.0,10605.0,38.37
Kidou Senshi Gundam 00,機動戦士ガンダム00,机动战士高达00,2007,Drama|Sci-Fi|Adventure|Comedy,8.1,319,127258,20.5,8.5,90.0,1240.0,65.37,7.6,175.0,6148.0,32.56
City The Animation,CITY THE ANIMATION,小城日常,2025,Comedy,8.09,324,26218,19.25,,,,,7.5,193.0,7675.0,25.58
Durarara!!,デュラララ!!,无头骑士异闻录,2010,Action|Mystery|Supernatural|Adventure,8.09,325,689331,19.0,8.3,160.0,27845.0,38.13,7.9,128.0,13784.0,50.78
Gin no Saji,銀の匙,银之匙 Silver Spoon,2013,Comedy,8.09,323,138329,19.5,,,,,7.9,123.0,5481.0,52.71
Jigokuraku,地獄楽,,2023,Action|Adventure|Supernatural,8.09,320,507772,20.25,8.1,213.0,26957.0,17.51,,,,
Paripi Koumei,パリピ孔明,,2022,Comedy,8.09,321,159049,20.0,,,,,,,,
Kono Subarashii Sekai ni Shukufuku wo!,この素晴らしい世界に祝福を！,为美好的世界献上祝福！,2016,Adventure|Comedy|Fantasy|Crime|Drama,8.09,322,1374758,19.75,8.4,138.0,72748.0,46.69,7.7,159.0,22005.0,38.76
Make Heroine ga Oosugiru!,負けヒロインが多すぎる！,败犬女主太多了！,2024,Comedy|Romance|Action|Fantasy,8.08,326,169377,18.75,6.2,256.0,2512.0,0.78,8.0,91.0,26127.0,65.12
Zankyou no Terror,残響のテロル,,2014,Mystery|Suspense|Action|Adventure,8.08,327,666447,18.5,7.7,238.0,45351.0,7.78,,,,
Hikaru no Go,ヒカルの碁,棋魂,2001,Comedy|Drama|Supernatural|Action,8.08,328,66621,18.25,8.8,25.0,17151.0,90.66,8.3,49.0,4916.0,81.4
BanG Dream! Ave Mujica,BanG Dream! Ave Mujica,,2025,Drama|Sci-Fi,8.07,337,14313,16.0,8.7,54.0,24491.0,79.38,,,,
Skip Beat!,スキップ・ビート！,,2008,Comedy|Drama|Romance,8.07,336,146927,16.25,,,,,,,,
Kidou Senshi Gundam 00 Second Season,機動戦士ガンダム00 セカンドシーズン,机动战士高达00 第二季,2008,Drama|Sci-Fi,8.07,335,99150,16.5,,,,,7.5,202.0,5366.0,22.09
Honzuki no Gekokujou: Shisho ni Naru Tame ni wa Shudan wo Erandeiraremasen 2nd Season,本好きの下剋上 ～司書になるためには手段を選んでいられません～ 第2期,,2020,Fantasy,8.07,334,146748,16.75,,,,,,,,
Azumanga Daiou The Animation,あずまんが大王 THE ANIMATION,笑园漫画大王,2002,Comedy,8.07,329,181674,18.0,,,,,7.9,122.0,2502.0,53.1
Kanata no Astra,彼方のアストラ,彼方的阿斯特拉,2019,Adventure|Award Winning|Mystery|Sci-Fi|Suspense|Comedy|Sport,8.07,332,161077,17.25,8.3,158.0,2309.0,38.91,7.4,215.0,3242.0,17.05
Kimi wa Houkago Insomnia,君は放課後インソムニア,放学后失眠的你,2023,Romance|Action|Adventure,8.07,331,106226,17.5,7.5,251.0,15780.0,2.72,7.2,255.0,4786.0,1.55
Uchouten Kazoku 2,有頂天家族2,有顶天家族 第二季,2017,Drama|Supernatural,8.07,333,27432,17.0,,,,,7.8,135.0,3187.0,48.06
Ansatsu Kyoushitsu,暗殺教室,暗杀教室,2015,Action|Comedy,8.07,330,1294059,17.75,7.9,233.0,27380.0,9.73,7.4,212.0,10815.0,18.22
Shoushimin Series 2nd Season,小市民シリーズ 第2期,,2025,Mystery,8.06,338,23760,15.75,,,,,,,,
Spy x Family Season 2,SPY×FAMILY Season 2,进击的巨人 最终季 完结篇 后篇,2023,Action|Comedy,8.06,339,327432,15.5,,,,,7.6,174.0,10091.0,32.95
Kidou Senshi Gundam: Tekketsu no Orphans,機動戦士ガンダム 鉄血のオルフェンズ,,2015,Drama|Sci-Fi|Comedy,8.06,340,134859,15.25,8.5,88.0,48589.0,66.15,,,,
Honzuki no Gekokujou: Shisho ni Naru Tame ni wa Shudan wo Erandeiraremasen 3rd Season,本好きの下剋上 ～司書になるためには手段を選んでいられません～ 第3期,,2022,Fantasy,8.06,341,94185,15.0,,,,,,,,
Kuroshitsuji: Book of Circus,黒執事 Book of Circus,,2014,Action|Mystery|Supernatural|Comedy|Drama,8.06,342,231522,14.75,8.5,86.0,48589.0,66.93,,,,
Overlord IV,オーバーロード IV,,2022,Action|Adventure|Fantasy,8.06,343,320267,14.5,,,,,,,,
Shokugeki no Souma: Ni no Sara,食戟のソーマ 弍ノ皿,,2016,Gourmet|Ecchi|Crime|Drama,8.06,344,759525,14.25,8.4,130.0,72748.0,49.81,,,,
Enen no Shouboutai: San no Shou Part 2,炎炎ノ消防隊 参ノ章 第2クール,,2026,Action|Fantasy|Sci-Fi|Comedy|Romance,8.05,352,15236,12.25,8.2,197.0,438.0,23.74,,,,
Karasu wa Aruji wo Erabanai,烏は主を選ばない,,2024,Drama|Fantasy,8.05,351,18943,12.5,,,,,,,,
NieR:Automata Ver1.1a Part 2,NieR:Automata Ver1.1a 第2クール,,2024,Action|Fantasy|Sci-Fi|Adventure,8.05,353,37637,12.0,6.9,253.0,13257.0,1.95,,,,
Angel Beats!,Angel Beats!（エンジェルビーツ!）,天使的心跳！,2010,Drama|Fantasy,8.05,350,1342271,12.75,,,,,7.6,173.0,22590.0,33.33
Mahoutsukai no Yome,魔法使いの嫁,魔法使的新娘,2017,Drama|Fantasy|Romance|Action|Adventure,8.05,347,423025,13.5,9.0,10.0,187509.0,96.5,7.2,257.0,3885.0,0.78
Durarara!!x2 Ketsu,デュラララ!!×2 結,无头骑士异闻录×2 结,2016,Action|Mystery|Supernatural|Adventure|Comedy,8.05,348,196235,13.25,8.9,12.0,1957.0,95.72,7.2,250.0,4039.0,3.49
Boku no Hero Academia 2nd Season,僕のヒーローアカデミア,小魔女学园,2017,Action|Adventure,8.05,349,1841415,13.0,8.2,188.0,116051.0,27.24,7.7,156.0,9853.0,39.92
Hyouka,氷菓,冰菓,2012,Mystery|Slice of Life|Action|Adventure,8.05,346,686176,13.75,8.3,143.0,149296.0,44.75,8.2,60.0,31830.0,77.13
Youkoso Jitsuryoku Shijou Shugi no Kyoushitsu e 2nd Season,ようこそ実力至上主義の教室へ 2nd Season,,2022,Drama|Suspense,8.05,345,453188,14.0,,,,,,,,
Jibaku Shounen Hanako-kun 2 Part 2,地縛少年花子くん2 後編,,2025,Supernatural|Comedy|Drama,8.04,362,17071,9.75,8.3,142.0,10992.0,45.14,,,,
Sakura-sou no Pet na Kanojo,さくら荘のペットな彼女,樱花庄的宠物女孩,2012,Drama|Romance,8.04,363,741838,9.5,,,,,7.4,210.0,18078.0,18.99
Akatsuki no Yona,暁のヨナ,,2014,Adventure|Fantasy|Romance|Comedy,8.04,361,450675,10.0,8.5,83.0,2164.0,68.09,,,,
Kuroko no Basket,黒子のバスケ,,2012,Sports|Action|Adventure,8.04,364,767568,9.25,8.5,93.0,51183.0,64.2,,,,
Toradora!,とらドラ！,龙与虎,2008,Drama|Romance,8.04,360,1463261,10.25,,,,,8.0,108.0,26594.0,58.53
Gosick,GOSICK -ゴシック-,GOSICK,2011,Drama|Mystery|Romance,8.04,354,246731,11.75,,,,,7.4,223.0,9731.0,13.95
Yowamushi Pedal: Grande Road,弱虫ペダル GRANDE ROAD,,2014,Sports,8.04,358,83509,10.75,,,,,,,,
World Trigger 2nd Season,ワールドトリガー,,2021,Action|Sci-Fi,8.04,357,67732,11.0,,,,,,,,
Koukyoushihen Eureka Seven,交響詩篇エウレカセブン,交响诗篇,2005,Adventure|Drama|Romance|Sci-Fi,8.04,356,188293,11.25,,,,,8.0,106.0,4054.0,59.3
Dorohedoro,ドロヘドロ,异兽魔都,2020,Action|Comedy|Fantasy|Horror|Adventure,8.04,359,313350,10.5,8.2,191.0,28462.0,26.07,7.6,171.0,4002.0,34.11
Darker than Black: Kuro no Keiyakusha,Darker than BLACK -黒の契約者-,DARKER THAN BLACK -黑之契约者-,2007,Action|Mystery|Family|History,8.04,355,452910,11.5,8.3,152.0,652.0,41.25,7.9,124.0,9718.0,52.33
Kimetsu no Yaiba: Hashira Geiko-hen,鬼滅の刃 柱稽古編,,2024,Action|Supernatural|Drama|History,8.03,372,437408,7.25,8.6,59.0,22476.0,77.43,,,,
Yuru Camp△ Season 3,ゆるキャン△ SEASON3,,2024,Slice of Life,8.03,371,37744,7.5,,,,,,,,
Hibike! Euphonium,響け！ユーフォニアム,吹响吧！上低音号,2015,Drama,8.03,370,211019,7.75,,,,,8.3,38.0,21368.0,85.66
Lovely★Complex,ラブ★コン,,2007,Comedy|Romance,8.03,369,315545,8.0,,,,,,,,
Shijou Saikyou no Deshi Kenichi,史上最強の弟子 ケンイチ,,2006,Action|Comedy,8.03,365,165015,9.0,,,,,,,,
Kill la Kill,キルラキル,斩服少女,2013,Action|Comedy|Fantasy|Ecchi,8.03,368,1004936,8.25,,,,,8.1,86.0,17130.0,67.05
Black Lagoon,BLACK LAGOON,黑礁,2006,Action,8.03,367,532622,8.5,,,,,7.8,142.0,5857.0,45.35
No Game No Life,ノーゲーム・ノーライフ,游戏人生,2014,Comedy|Fantasy|Ecchi,8.03,366,1617929,8.75,7.5,248.0,9878.0,3.89,7.7,165.0,24115.0,36.43
Apocalypse Hotel,アポカリプスホテル,末日后酒店,2025,Comedy|Sci-Fi|Action|Adventure,8.02,380,25379,5.25,7.5,247.0,15437.0,4.28,8.2,72.0,14409.0,72.48
Hikaru ga Shinda Natsu,光が死んだ夏,,2025,Horror|Mystery|Supernatural|Comedy|Drama,8.02,379,101330,5.5,8.3,146.0,10992.0,43.58,,,,
Karakai Jouzu no Takagi-san 2,からかい上手の高木さん2,擅长捉弄的高木同学 第二季,2019,Comedy|Romance,8.02,377,195845,6.0,,,,,7.7,155.0,8781.0,40.31
Dennou Coil,電脳コイル,电脑线圈,2007,Adventure|Award Winning|Drama|Mystery|Sci-Fi|Crime,8.02,381,45959,5.0,8.9,14.0,468861.0,94.94,8.1,77.0,4698.0,70.54
Glass no Kamen (2005),ガラスの仮面 (2005),,2005,Drama|Romance,8.02,378,13717,5.75,,,,,,,,
Tsuki ga Kirei,月がきれい,月色真美,2017,Romance|Action|Comedy,8.02,375,275434,6.5,7.7,240.0,36908.0,7.0,7.9,117.0,15978.0,55.04
Shadows House 2nd Season,シャドーハウス 2nd Season,Re：从零开始的异世界生活 第二季 后半部分,2022,Fantasy|Mystery,8.02,376,58533,6.25,,,,,7.6,167.0,12437.0,35.66
Naruto,ナルト,火影忍者,2002,Action|Adventure|Fantasy,8.02,374,2124906,6.75,,,,,7.6,166.0,8685.0,36.05
Mairimashita! Iruma-kun 2nd Season,魔入りました！入間くん,,2021,Comedy|Fantasy,8.02,373,184409,7.0,,,,,,,,
Full Metal Panic? Fumoffu,フルメタル・パニック? ふもっふ,全金属狂潮 校园篇,2003,Action|Comedy,8.01,382,181089,4.75,,,,,8.1,76.0,6330.0,70.93
Kimi ni Todoke,君に届け,好想告诉你,2009,Drama|Romance,8.01,383,517395,4.5,,,,,7.6,168.0,5805.0,35.27
Pui Pui Molcar,PUI PUI モルカー,,2021,Comedy,8.01,384,11411,4.25,,,,,,,,
Ao no Exorcist: Yosuga-hen,青の祓魔師 終夜篇,,2025,Action|Supernatural|Comedy|Drama,8.0,395,30308,1.5,8.3,157.0,10992.0,39.3,,,,
Baby Steps 2nd Season,ベイビーステップ 第2シリーズ,旋转少女,2015,Sports,8.0,394,56847,1.75,,,,,7.3,232.0,2650.0,10.47
Tokyo Magnitude 8.0,東京マグニチュード8.0,东京地震8.0,2009,Award Winning|Drama,8.0,393,130811,2.0,,,,,7.3,224.0,2911.0,13.57
Hanada Shounen-shi,花田少年史,,2002,Comedy|Drama|Supernatural,8.0,392,5343,2.25,,,,,,,,
SK∞,SK∞ エスケーエイト,,2021,Sports,8.0,390,318334,2.75,,,,,,,,
5-toubun no Hanayome ∬,五等分の花嫁∬,,2021,Comedy|Romance|Action|Adventure,8.0,391,490903,2.5,6.6,255.0,12472.0,1.17,,,,
D.Gray-man,ディー・グレイマン,,2006,Action|Adventure|Fantasy,8.0,385,296529,4.0,8.4,128.0,5465.0,50.58,,,,
Magi: The Labyrinth of Magic,マギ The labyrinth of magic,,2012,Action|Adventure|Fantasy,8.0,389,582402,3.0,8.3,155.0,149296.0,40.08,7.3,227.0,6218.0,12.4
Toaru Kagaku no Railgun S,とある科学の超電磁砲S,某科学的超电磁炮S,2013,Action|Fantasy|Sci-Fi,8.0,388,216105,3.25,,,,,7.6,169.0,17341.0,34.88
Juuni Kokuki,十二国記,十二国记,2002,Action|Adventure|Fantasy,8.0,387,49271,3.5,,,,,8.2,69.0,4067.0,73.64
Yahari Ore no Seishun Love Comedy wa Machigatteiru.,やはり俺の青春ラブコメはまちがっている。,我的青春恋爱物语果然有问题,2013,Comedy|Romance,8.0,386,916513,3.75,,,,,7.5,209.0,23236.0,19.38
Ruri no Houseki,瑠璃の宝石,琉璃的宝石,2025,Slice of Life|Drama|Sci-Fi,7.99,396,27729,1.25,8.7,53.0,24491.0,79.77,8.1,87.0,8226.0,66.67
BanG Dream! 3rd Season,BanG Dream!（バンドリ！）第3期,BanG Dream! 第三季,2020,Crime|Drama,7.99,397,20251,1.0,8.5,77.0,6972.0,70.43,7.4,211.0,3385.0,18.6
Clannad,CLANNAD,CLANNAD,2007,Drama|Romance|Comedy,7.99,398,793289,0.75,8.5,73.0,8862.0,71.98,8.4,30.0,27015.0,88.76
Saiunkoku Monogatari 2nd Season,彩雲国物語 第2シリーズ,,2007,Adventure|Fantasy|Romance,7.99,399,18906,0.5,,,,,,,,
Haibane Renmei,灰羽連盟,灰羽联盟,2002,Drama|Fantasy|Mystery|Family|Sci-Fi,7.99,400,114111,0.25,8.8,27.0,95.0,89.88,7.6,178.0,2263.0,31.4
