id,list_rank,bgm_rank,name,name_cn,year,score,votes,tags,url
326,1,1,攻殻機動隊 S.A.C. 2nd GIG,攻壳机动队 S.A.C. 2nd GIG,2004,9.2,9614,科幻|菅野洋子|攻殻機動隊|攻壳机动队|神山健治|押井守|TV|Production.IG|2004|士郎正宗|Production.I.G|草薙素子|漫画改|神作|战斗|日本|ProductionI.G|漫改|2004年1月|政治|赛博朋克|经典|S.A.C.|GIG|深度|战争|人工智能|超前|艺术|攻壳,https://chii.in/subject/326
876,2,2,CLANNAD 〜AFTER STORY〜,,2008,9.2,30021,Clannad|京阿尼|key|催泪|麻枝准|神作|治愈|人生|TV|~After-Story~|治愈系|游戏改|2008年10月|galgame|恋爱|爱情|催淚|2008|GAL改|日常|日本|石原立也|京都动画|校园|亲情|京都|AS|京都アニメーション|2008年|団子大家族,https://chii.in/subject/876
324,4,5,攻殻機動隊 STAND ALONE COMPLEX,攻壳机动队 STAND ALONE COMPLEX,2002,9.1,10994,攻壳机动队|科幻|菅野洋子|神山健治|TV|士郎正宗|Production.IG|Production.I.G|2002|漫画改|草薙素子|SAC|战斗|神作|漫改|日本|ProductionI.G|2002年10月|赛博朋克|攻壳机动队:Stand|经典|攻殻機動隊|IG|御姐|押井守|政治|2002年|SF|素子|菅野よう子,https://chii.in/subject/324
10380,5,9,STEINS;GATE,命运石之门,2011,8.8,38355,科幻|中二病|牧瀬紅莉栖|嘟嘟噜|空想科学|游戏改|2011年4月|TV|花泽香菜|Nitro+|2011|宫野真守|悬疑|Steins|Gate|WHITEFOX|神作|GAL改|命运石之门|花澤香菜|日本|轮回|穿越|恋爱|佐藤卓哉|huke|中二|剧情|石头门|花田十辉,https://chii.in/subject/10380
211567,6,10,3月のライオン 第2シリーズ,3月的狮子 第二季,2017,8.8,10099,新房昭之|治愈|SHAFT|3月的狮子|漫画改|2017年10月|TV|羽海野千花|2017|漫改|将棋|日常|续作|花泽香菜|神作|日本|青春|沙发套|励志|校园|人生|竞技|成长|恋爱|催泪|新房|2017年|运动|半年番|羽海野チカ,https://chii.in/subject/211567
1428,7,11,鋼の錬金術師 FULLMETAL ALCHEMIST,钢之炼金术师 FULLMETAL ALCHEMIST,2009,8.8,23827,钢之炼金术师|BONES|骨头社|热血|漫画改|等价交换|钢炼|TV|2009年4月|2009|FA|战斗|神作|漫改|豆丁|奇幻|砍掉重炼|日本|2009年4月番|鋼煉|入江泰浩|荒川弘|砍掉重练|经典|炼金术|钉宫理惠|剧情|朴璐美|2009年|燃,https://chii.in/subject/1428
110467,8,14,SHIROBAKO,白箱,2014,8.7,22358,P.A.WORKS|原创|励志|白箱|2014年10月|水岛努|动画制作|TV|青春|职场|2014|SHIROBAKO|原创动画|百合|横手美智子|水島努|日本|日常|神作|业界|治愈|科普|吉田玲子|群像|2014年|梦想|动画|热血|半年番|搞笑,https://chii.in/subject/110467
263750,9,17,進撃の巨人 Season 3 Part.2,进击的巨人 第三季 Part.2,2019,8.7,22065,进击的巨人|WITSTUDIO|热血|战斗|漫画改|2019年4月|泽野弘之|TV|漫改|神作|2019|荒木哲郎|奇幻|续作|日本|神谷浩史|梶裕贵|肥塚正史|剧情|战争|谏山创|悬疑|2019年|小林靖子|WIT_STUDIO|肥冢正史|燃|猎奇|澤野弘之|季番,https://chii.in/subject/263750
11834,11,20,銀魂',银魂',2011,8.7,13275,银他妈|吐糟|银魂|人生的意义|灵魂支柱|必看|搞笑|JUMP|杉田智和|天然卷|2011年4月|SUNRISE|TV|猩猩|2011|漫画改|JUSTWE|战斗|热血|漫改|吐槽|日本|JUMP唯一不太算崩坏的TV|人生|神作|日常|钉宫理惠|恶搞|GINTAMA|少年系,https://chii.in/subject/11834
340,12,22,蟲師,虫师,2005,8.7,11438,治愈|虫师|奇幻|神音乐|空灵|内涵系|TV|2005|治愈系|人生|水墨|ArtLand|漫画改|蟲師|内涵|银古|银古叔|2005年10月|漫改|长滨博史|行走|日本|神作|長濵博史|选择|公路片|増田俊郎|漆原友紀|2005年|漆原友纪,https://chii.in/subject/340
247,13,23,銀魂,银魂,2006,8.7,13384,银他妈|吐槽|银魂|搞笑|JUMP|恶搞|銀魂~搞笑才是人生~|GINTAMA|TV|SUNRISE|2006|天然卷发|漫画改|銀魂|kuso|钉宫|假发|战斗|2006年4月|喜剧|杉田智和|漫改|热血|土银|日本|S田|科幻|灵魂支柱|高松信司|人生的意义,https://chii.in/subject/247
93739,15,25,ピンポン THE ANIMATION,乒乓,2014,8.7,16583,汤浅政明|乒乓|运动|漫画改|TV|2014年4月|松本大洋|龙之子Production|热血|2014|漫改|noitaminA|湯浅政明|日本|龙之子|青春|神作|牛尾宪辅|励志|人生|竞技|体育|群像|2014年|タツノコプロ|成长|牛尾憲輔|内山昂辉|大平晋也|校园,https://chii.in/subject/93739
4019,19,33,四畳半神話大系,四叠半神话大系,2010,8.6,14763,汤浅政明|MADHouse|森见登美彦|TV|小说改|平行宇宙|另类空想|2010年4月|轮回|2010|神作|坂本真綾|科幻|noitaminA|校园|日本|青春|奇幻|轻小说改|湯浅政明|SF|轻改|恋爱|日常|人生|森見登美彦|2010年|Mad-house|坂本真绫|四叠半神话大系,https://chii.in/subject/4019
9717,20,34,魔法少女まどか☆マギカ,魔法少女小圆,2011,8.6,36914,虚渊玄|新房昭之|魔法少女|致郁|梶浦由紀|原创|SHAFT|2011年1月|治愈|TV|爱的战士虚渊玄|百合|猎奇|2011|战斗|悠木碧|奇幻|日本|强力STAFF|神作|魔法少女小圆|斎藤千和|蒼樹うめ|梶浦由记|轮回|违和感|剧情|2011年|魔法|虚淵玄,https://chii.in/subject/9717
400602,22,37,葬送のフリーレン,葬送的芙莉莲,2023,8.5,33670,治愈|公路片|MADHouse|奇幻|漫画改|2023年10月|旅行|寿命论|斋藤圭一郎|TV|异世界|2023|漫改|催泪|日本|战斗|斎藤圭一郎|日常|冒险|神作|公路|魔法|葬送的芙莉莲|恋爱|2023年|搞笑|半年番|2024|鈴木智尋|种崎敦美,https://chii.in/subject/400602
770,23,38,天元突破グレンラガン,天元突破 红莲螺岩,2007,8.5,15864,热血|GAINAX|今石洋之|燃|天元突破グレンラガン|钻头|原创|TV|萝卜|超级系|2007|神作|2007年4月|气势|战斗|机战|兄贵！西蒙！|日本|大哥|科幻|天元突破|兄贵|GANIAX|2007年|岩崎琢|福井裕佳梨|锦织敦史|井上麻里奈|机甲|奇幻,https://chii.in/subject/770
254,24,39,サムライチャンプルー,混沌武士,2004,8.5,10694,渡边信一郎|混沌武士|TV|Manglobe|原创|2004|武士|动作|hiphop|神作|向日葵味道|战斗|中井和哉|音樂GJ|渡辺信一郎|公路片|音乐漂亮|日本|音乐|公路|nujabes|2004年5月|2004年4月|超神作|2004年|神配乐|经典|中泽一登|热血|日本动画,https://chii.in/subject/254
325285,26,41,オッドタクシー,奇巧计程车,2021,8.5,20574,原创|悬疑|群像|2021年4月|TV|剧情|推理|P.I.C.S.|动物|2021|OLM|木下麦|神作|此元和津也|日本|日本动画|木村良平|2021年|奇巧计程车|都市|奇幻|无法预测的命运之舞台|日常|治愈|季番|furry|飯田理恵|2020s|花江夏树|TVA,https://chii.in/subject/325285
18692,28,44,ドラえもん,哆啦A梦,2005,8.5,5791,童年|哆啦A梦|藤子・F・不二雄|经典|TV|童年回憶|2005|漫画改|没看完|沒看全|搞笑|我的童年不是喜羊羊實在太好了|科幻|日本|漫改|日常|SHIN-EI|ドラえもん|治愈|シンエイ動画|2005年4月|奇幻|长篇|神作|子供向|日本动画|2005年|没看全|善聡一郎|哆啦A夢,https://chii.in/subject/18692
9912,30,49,日常,日常,2011,8.5,24489,日常|京阿尼|搞笑|治愈|爆笑|电波|2011年4月|TV|石原立也|萌|2011|废萌|漫画改|校园|脑残|京都|笑到爆|京都动画|漫改|日本|四格|京都アニメーション|神作|花田十辉|四月番|吐槽|百合|2011年|半年番|花田十輝,https://chii.in/subject/9912
152091,31,51,響け！ユーフォニアム2,吹响吧！上低音号 第二季,2016,8.5,17153,京阿尼|音乐|校园|青春|2016年10月|轻小说改|TV|百合|石原立也|京都动画|山田尚子|2016|小说改|轻改|日本|京都|花田十辉|励志|京都アニメーション|日常|京吹|续作|治愈|吹响！悠风号|轻百合|2016年|花田十輝|社团|神作|恋爱,https://chii.in/subject/152091
3774,34,58,けいおん！！,轻音少女 第二季,2010,8.4,23605,京阿尼|校园|萌|K-ON!|治愈|日常|2010年4月|轻音|TV|K-on!2|漫画改|音乐|山田尚子|2010|けいおん！！|百合|漫改|京都动画|K-ON!!|日本|芳文社|轻音少女2|轻音少女|废萌|乐队|轻百合|青春|搞笑|京都アニメーション|京都,https://chii.in/subject/3774
173849,35,60,ハイキュー!! 烏野高校 VS 白鳥沢学園高校,排球少年 乌野高校 VS 白鸟泽学园高校,2016,8.4,6382,热血|ProductionI.G|排球|运动|漫画改|2016年10月|TV|运动番|体育番|2016|漫改|Production.I.G|排球少年|石川界人|村濑步|日本|JUMP|竞技|校园|満仲勧|满仲劝|排球！！|青春|岸本卓|体育|续作|燃|2016年|神作|内山昂辉,https://chii.in/subject/173849
847,36,61,ハチミツとクローバー,蜂蜜与四叶草,2005,8.4,5622,青春|蜂蜜与四叶草|J.C.STAFF|校园|治愈系|羽海野千花|TV|治愈|2005|noitaminA|大学|尋找自我|漫画改|恋爱|黑田洋介|神配乐|2005年4月|森田忍|漫改|人生|经典|笠井贤一|神谷浩史|日本|H&C|カサヰケンイチ|日常|杉田智和|2005年|爱情,https://chii.in/subject/847
1773,38,64,DEATH NOTE,死亡笔记,2006,8.4,24265,推理|死亡笔记|小畑健|MADHouse|智斗|TV|2006|犯罪学|新世界的神|漫画改|悬疑|L|心理学|宫野真守|小册子到人间|2006年10月|漫改|荒木哲郎|日本|死了都要写|死亡小册子|神作|犯罪|月L生死恋|基拉|奇幻|剧情|山口胜平|心理|大场鸫,https://chii.in/subject/1773
1671,39,65,化物語,化物语,2009,8.4,23898,新房昭之|西尾维新|化物语|SHAFT|荡漾|2009年7月|TV|战场原大人|花泽香菜|神谷浩史|2009|轻小说改|奇幻|物语系列|订书机|毒舌|小说改|吐槽神|斉藤千和|轻改|后宫|恋爱|日本|校园|物语|吐槽|神作|小裤裤特写|神前晓|文具,https://chii.in/subject/1671
328609,40,70,ぼっち・ざ・ろっく！,孤独摇滚！,2022,8.4,38224,芳文社|音乐|CloverWorks|轻百合|日常|漫画改|2022年10月|乐队题材|搞笑|TV|百合|2022|斎藤圭一郎|漫改|乐队|日本|梅原翔太|校园|斋藤圭一郎|青春|治愈|萌|神作|孤独摇滚|社恐|少女乐队|轻百|摇滚|2022年|成长,https://chii.in/subject/328609
315574,41,71,ウマ娘 プリティーダービー Season 2,赛马娘 Pretty Derby 第二季,2021,8.4,17016,运动|原创|cygames|2021年1月|偶像|百合|TV|催泪|竞技|游戏改|励志|StudioKAI|P.A.WORKS|2021|续作|赛马娘|日本|热血|及川启|及川啓|神作|轻百合|马娘|治愈|2021年|日常|校园|スタジオKAI|轻百|感动,https://chii.in/subject/315574
51,43,74,CLANNAD -クラナド-,CLANNAD,2007,8.4,26979,Clannad|京阿尼|key|催泪|団子大家族|治愈|神作|GAL改|人生|TV|2007年10月|游戏改|2007|校园|恋爱|麻枝准|京都|石原立也|京都动画|日本|日常|海星|改编自游戏|京都アニメーション|中村悠一|2007年10月番|后宫|galgame|志茂文彦|クラナド,https://chii.in/subject/51
248154,45,77,風が強く吹いている,强风吹拂,2018,8.4,10087,运动|ProductionI.G|小说改|热血|2018年10月|体育|TV|青春|励志|2018|强风吹拂|Production.I.G|三浦紫苑|野村和也|日本|林友树|轻小说改|轻改|竞技|运动番|校园|群像|跑步|治愈|神作|喜安浩平|成长|Production_I.G|2018年|林ゆうき,https://chii.in/subject/248154
793,46,79,コードギアス 反逆のルルーシュ,Code Geass 反叛的鲁路修,2006,8.3,21319,鲁鲁修|SUNRISE|コードギアス反逆のルルーシュ|福山润|TV|codegeass|原创|2006|CC|妹控|一个极端的妹控|谷口悟朗|机战|战斗|死妹控|2006年10月|大河内一楼|萝卜|科幻|日本|神作|露露羞|智斗|战争|CLAMP|反逆のルルーシュ|热血|中二|剧情|奇幻,https://chii.in/subject/793
240386,47,80,ヴィンランド・サガ,冰海战记,2019,8.3,12514,WITSTUDIO|历史|战斗|漫画改|2019年7月|热血|战争|TV|海盗战记|漫改|2019|籔田修平|半年番|WIT_STUDIO|日本|神作|WIT|剧情|史诗|冰海战记|成长|薮田修平|2019年|冒险|濑古浩司|上村祐翔|瀬古浩司|反战|海盗|2010s,https://chii.in/subject/240386
317613,48,82,かぐや様は告らせたい-ウルトラロマンティック-,辉夜大小姐想让我告白-超级浪漫-,2022,8.3,22038,恋爱|搞笑|校园|A-1Pictures|漫画改|2022年4月|TV|日常|漫改|青春|2022|有望打破bangumi恋爱喜剧评分上限的动画|日本|畠山守|小俣真一|辉夜大小姐想让我告白|续作|喜剧|神作|赤坂明|赤坂アカ|2022年|恋爱喜剧|辉夜大小姐|狗粮|辉夜|纯爱|季番|輝夜姬想讓人告白|A-1_Pictures,https://chii.in/subject/317613
325585,49,83,無職転生 ～異世界行ったら本気だす～ 第2クール,无职转生～到了异世界就拿出真本事～ 第2部分,2021,8.3,23061,异世界|轻小说改|奇幻|2021年10月|冒险|StudioBind|后宫|TV|穿越|战斗|轻改|2021|小说改|续作|冈本学|日本|日本动画|无职转生|岡本学|2021年7月|神作|成长|恋爱|2021年|转生|热血|亲情|魔法|治愈|スタジオバインド,https://chii.in/subject/325585
8,50,85,コードギアス 反逆のルルーシュR2,Code Geass 反叛的鲁路修R2,2008,8.3,17817,叛逆的鲁鲁修|SUNRISE|TV|反逆のルルーシュ|原创|还是死妹控|妹控|2008|codegeass|谷口悟朗|鲁路修|机战|2008年4月|R2|战斗|大河内一楼|萝卜|科幻|日本|日升|福山润|鲁鲁修|神作|狗得鸡鸭死|战争|智斗|CLAMP|露露胸|中二|热血,https://chii.in/subject/8
11577,51,86,THE IDOLM@STER,偶像大师,2011,8.3,8340,偶像大师|A-1Pictures|偶像|TV|2011年7月|游戏改|励志|锦织敦史|2011|神前暁|骗钱大师|音乐|釘宮理恵|GAINAX|不坑爹|日本|NAMCO|錦織敦史|美希|百合|原创|治愈|日常|A-1|IM@S|半年番|2011年|高雄统子|爱马仕|待田堂子,https://chii.in/subject/11577
147068,52,87,3月のライオン,3月的狮子,2016,8.3,10678,新房昭之|SHAFT|治愈|漫画改|2016年10月|TV|将棋|羽海野千花|2016|漫改|日常|3月的狮子|花泽香菜|日本|羽海野チカ|青春|励志|竞技|成长|2016年|人生|神作|恋爱|运动|校园|沙发套|半年番|茅野爱衣|河西健吾|TVA,https://chii.in/subject/147068
262897,53,88,ゆるキャン△ SEASON 2,摇曳露营△ 第二季,2021,8.3,11784,芳文社|日常|治愈|2021年1月|漫画改|轻百合|TV|摇曳露营Δ|百合|C-Station|2021|露营|漫改|萌|京極義昭|日本|京极义昭|续作|美食|田中仁|轻百|漫画改编|摇曳露营|2021年|摇曳露营△|校园|神作|2020年1月|萌系|户外,https://chii.in/subject/262897
115908,54,90,響け！ユーフォニアム,吹响吧！上低音号,2015,8.3,21339,京阿尼|音乐|校园|轻小说改|2015年4月|百合|石原立也|TV|京都动画|2015|山田尚子|青春|花田十辉|小说改|吹响！次中音号|轻改|日本|励志|京都アニメーション|日常|京アニ|京都|治愈|京吹|轻百合|吹响！悠风号|社团|2015年|花田十輝|恋爱,https://chii.in/subject/115908
565802,56,92,かぐや様は告らせたい 大人への階段,辉夜大小姐想让我告白 通往大人的阶梯,2025,8.3,7730,恋爱|A-1Pictures|校园|漫画改|OVA|搞笑|2025|TV|辉夜大小姐想让我告白|日本|漫改|日常|赤坂明|青春|畠山守|2026年1月|2026|喜剧|小俣真一|续作|2025年12月|2025年10月|恋爱喜剧|2025年|TVSP|未定档|纯爱|2025年1月|赤坂アカ|神作,https://chii.in/subject/565802
298477,57,93,メイドインアビス 烈日の黄金郷,来自深渊 烈日的黄金乡,2022,8.3,12919,奇幻|漫画改|冒险|来自深渊|2022年7月|猎奇|致郁|TV|KINEMACITRUS|2022|漫改|治愈|小岛正幸|续作|日本|神作|战斗|KINEMA_CITRUS|青年向|催泪|小島正幸|2022年|异世界|土笔章人|倉田英之|仓田英之|剧情|季番|KevinPenkin|2020s,https://chii.in/subject/298477
276,58,94,らき☆すた,幸运星,2007,8.3,18102,京阿尼|吐槽|LUCKY☆STAR|脑残星|日常|≡ω≡|幸运星|2007|TV|宅|宅方|搞笑|此方|漫画改|水手服|校园|2007年4月|LuckyStar|京都アニメ|武本康弘|京都动画|白石|漫改|脑残|萌|百合|日本|山本宽|双马尾|京都アニメーション,https://chii.in/subject/276
441795,59,97,僕の心のヤバイやつ 第2期,我心里危险的东西 第二季,2024,8.3,12945,恋爱|校园|纯爱|2024年1月|漫画改|牛尾宪辅|TV|日常|SHIN-EI|2024|漫改|治愈|我內心的糟糕念頭|续作|日本|赤城博昭|青春|花田十辉|搞笑|神作|我心里危险的东西|羊宮妃那|シンエイ動画|羊宫妃那|2024年|花田十輝|神中神|神|季番|成长,https://chii.in/subject/441795
217300,60,98,進撃の巨人 Season 3,进击的巨人 第三季,2018,8.3,19635,进击的巨人|WITSTUDIO|热血|战斗|漫画改|2018年7月|TV|澤野弘之|漫改|2018|奇幻|荒木哲郎|续作|日本|肥塚正史|三期|泽野弘之|神作|剧情|悬疑|2018年|谏山创|战争|猎奇|小林靖子|神谷浩史|WIT_STUDIO|肥冢正史|2018年4月|梶裕贵,https://chii.in/subject/217300
1424,65,105,けいおん！,轻音少女,2009,8.3,29059,京阿尼|K-ON!|校园|轻音|萌|治愈|日常|2009年4月|TV|废萌|漫画改|2009|卖萌|音乐|京都|京都动画|山田尚子|百合|漫改|日本|芳文社|k-on|乐队|轻百合|青春|mio|2009年4月番|京都アニメーション|吐槽|吉田玲子,https://chii.in/subject/1424
120236,66,107,ハイキュー!! セカンドシーズン,排球少年 第二季,2015,8.3,6942,热血|运动|ProductionI.G|漫画改|2015年10月|排球！！|TV|体育番|2015|Production.I.G|漫改|运动番|石川界人|排球|日本|排球少年|校园|内山昂輝|JUMP|満仲勧|竞技|村瀬歩|满仲劝|青春|岸本卓|续作|体育|2015年|励志|神谷浩史,https://chii.in/subject/120236
203526,70,111,メイドインアビス,来自深渊,2017,8.2,18220,奇幻|漫画改|冒险|2017年7月|猎奇|来自深渊|TV|治愈|KINEMACITRUS|2017|漫改|致郁|小岛正幸|KINEMA_CITRUS|日本|小島正幸|战斗|神作|青年向|催泪|剧情|2017年|萌|KINEMA.CITRUS|异世界|倉田英之|黄瀬和哉|正太|仓田英之|公路片,https://chii.in/subject/203526
113292,71,112,ジョジョの奇妙な冒険 スターダストクルセイダース エジプト編,JOJO的奇妙冒险 星尘斗士 埃及篇,2015,8.2,17051,JOJO的奇妙冒险|荒木飞吕彦|热血|JOJO|漫画改|战斗|TV|2015年1月|2015|学姿势|david.production|漫改|奇幻|davidproduction|津田尚克|日本|智斗|david_production|冒险|搞笑|燃|续作|小林靖子|子安武人|JUMP|2015年|大卫社|小野大辅|神作|荒木飛呂彦,https://chii.in/subject/113292
68812,73,114,〈物語〉シリーズ セカンドシーズン,物语系列 第二季,2013,8.2,12595,新房昭之|物语系列|西尾维新|SHAFT|轻小说改|2013年7月|TV|神谷浩史|2013|后宫|奇幻|花泽香菜|神前暁|小说改|斋藤千和|物语|轻改|板村智幸|日本|恋爱|校园|吐槽|2013年|堀江由衣|神前晓|搞笑|日常|续作|战斗|井口裕香,https://chii.in/subject/68812
207195,74,115,ゆるキャン△,摇曳露营△,2018,8.2,16659,芳文社|治愈|百合|日常|2018年1月|漫画改|TV|摇曳露营△|C-Station|露营|2018|轻百合|漫改|東山奈央|高桥李依|日本|京極義昭|萌|京极义昭|丰崎爱生|2018年|田中仁|轻百|校园|搞笑|摇曳露营|科普|萌系|美食|东山奈央,https://chii.in/subject/207195
55770,78,122,進撃の巨人,进击的巨人,2013,8.2,29815,进击的巨人|热血|泽野弘之|漫画改|2013年4月|WITSTUDIO|战斗|TV|Production.I.G|2013|漫改|荒木哲郎|梶裕贵|奇幻|日本|神谷浩史|神作|ProductionI.G|猎奇|燃|剧情|孝哥|谏山创|2013年|2013春|小林靖子|战争|WIT_STUDIO|兵长|井上麻里奈,https://chii.in/subject/55770
129807,81,127,シュタインズ・ゲート ゼロ,命运石之门 0,2018,8.2,15195,命运石之门|游戏改|科幻|WHITEFOX|2018年4月|TV|GAL改|2018|悬疑|穿越|5pb.|空想科学|Nitro+|宫野真守|科学ADV|日本|神作|轮回|恋爱|牧瀬紅莉栖|续作|花田十辉|花泽香菜|中二病|剧情|川村賢一|川村贤一|2018年|嘟嘟噜|催泪,https://chii.in/subject/129807
315,83,130,鋼の錬金術師,钢之炼金术师,2003,8.2,9708,鋼の錬金術師|BONES|骨头社|热血|荒川弘|TV|2003|原创结尾|兄弟|钉宫理惠|奇幻|漫画改|钢炼|朴路美|战斗|热血少年|2003年10月|漫改|兄弟同心|水岛精二|钢之炼金术师|少年|日本|神作|水島精二|原创|改编|2003年|会川升|等价交换,https://chii.in/subject/315
282684,85,132,のんのんびより のんすとっぷ,悠哉日常大王 Nonstop,2021,8.2,6019,日常|治愈|2021年1月|SILVERLINK.|喵帕斯|TV|漫画改|萌|2021|悠哉日常大王|漫改|百合|川面真也|吉田玲子|续作|日本|搞笑|轻百合|校园|乡村|萝莉|2021年|轻百|萌系|TVA|阿澄佳奈|2020s|季番|日本动画|SILVERLINK,https://chii.in/subject/282684
21032,88,137,HUNTER×HUNTER,猎人,2011,8.2,6212,富奸|大坑|MADHouse|重制|猎人|热血|富坚义博|2011年10月|TV|2011|漫画改|心情复杂|JUMP|战斗|富奸义薄|Hunter|冒险|漫改|奇幻|日本|全职猎人|长篇|智斗|神志那弘志|富坚|神作|HUNTER×HUNTER|动画|2011年|看一下看看,https://chii.in/subject/21032
509986,89,138,アポカリプスホテル,末日后酒店,2025,8.2,14348,原创|科幻|2025年4月|CygamesPictures|末世|治愈|TV|奇幻|日常|日本|2025|搞笑|催泪|春藤佳奈|村越繁|2025年|无法预测的命运之舞台|单元剧|4月|喜剧|电波|机器人|漫画改|key|神作|原创动画|京阿尼|末日后酒店|Air|游戏改,https://chii.in/subject/509986
965,91,143,BACCANO! -バッカーノ!-,永生之酒,2007,8.2,11306,成田良悟|永生之酒|TV|2007|Baccano!|轻小说改|超·乱序|轻小说|不死之身|神作|BrainsBase|爵士乐型|大乱斗|奇幻|悬疑|大森貴弘|2007年7月|群像|小说改|轻改|Baccano|日本|大森贵弘|群像剧|战斗|禁酒令|剧情|乱序|2007年|Brain,https://chii.in/subject/965
995,92,144,N・H・Kにようこそ！,欢迎加入NHK！,2006,8.2,8495,GONZO|NHK|家里蹲|TV|NEET|社会问题|2006|宅|脱宅|牧野由依|治愈|中原岬|阴谋|小说改|御宅描写|2006年7月|NHKにようこそ!|轻小说改|山本裕介|日本|神作|轻改|日常|搞笑|漫画改|恋爱|2006年|社会|漫改|恶搞,https://chii.in/subject/995
353605,93,145,モブサイコ100 Ⅲ,灵能百分百 第三季,2022,8.2,11182,BONES|战斗|热血|漫画改|2022年10月|TV|灵能百分百|搞笑|奇幻|漫改|2022|ONE|濑古浩司|立川让|日本|莲井隆弘|超能力|治愈|成长|续作|校园|蓮井隆弘|日常|青春|神作|2022年|立川譲|樱井孝宏|瀬古浩司|骨头社,https://chii.in/subject/353605
485,95,147,涼宮ハルヒの憂鬱,凉宫春日的忧郁,2006,8.2,18310,京阿尼|涼宮ハルヒの憂鬱|SOS团|团长|校园|凉宫春日的忧郁|TV|吐槽|谷川流|轻小说改|2006|大萌神|凉宫春日|轻小说|2006年4月|杉田智和|小说改|石原立也|京都动画|轻改|日常|奇幻|萌神万岁|日本|搞笑|科幻|青春|京都アニメーション|平野绫|京都,https://chii.in/subject/485
218708,96,148,宇宙よりも遠い場所,比宇宙更远的地方,2018,8.2,15121,原创|MADHouse|青春|2018年1月|花田十辉|TV|南极|治愈|2018|百合|励志|花泽香菜|水濑祈|早见沙织|井口裕香|日本|石塚敦子|花田十輝|日常|轻百合|旅行|催泪|友情|いしづかあつこ|冒险|神作|2018年|石冢敦子|比宇宙更远的地方|校园,https://chii.in/subject/218708
27364,97,149,氷菓,冰菓,2012,8.2,31793,京阿尼|校园|氷菓|青春|推理|推理系|2012年4月|TV|小清新|2012|悬疑|小说改|京都动画|中村悠一|京都|温情|恋爱|轻小说改|武本康弘|日常|日本|轻改|京都アニメーション|治愈|四月番|神作|米泽穗信|冰菓|2012年|田中公平,https://chii.in/subject/27364
37785,99,153,新世界より,来自新世界,2012,8.1,14748,反乌托邦|A-1Pictures|科幻|来自新世界|小说改|2012年10月|TV|猎奇|2012|花澤香菜|悬疑|花泽香菜|小说改编|奇幻|A-1|人类衰退之后？|轻小说改|日本|石浜真史|神作|轻改|剧情|致郁|种田梨沙|2012年|石滨真史|A-1_Pictures|百合|SF|貴志祐介,https://chii.in/subject/37785
12536,100,154,夏目友人帳 参,夏目友人帐 叁,2011,8.2,8876,治愈|夏目友人帳|神谷浩史|猫咪先生|2011年7月|夏目|治愈系|TV|妖怪|绿川幸|贵志与猫老师不得不说的二三事|2011|第三季|漫画改|温暖|BrainsBase|奇幻|日常|漫改|夏目友人帐|日本|最期待新番|大森贵弘|大森貴弘|友人帐|アニメ|续作|2011年|温情|井上和彦,https://chii.in/subject/12536
338,102,158,フルメタル・パニック? ふもっふ,全金属狂潮 校园篇,2003,8.1,6325,京阿尼|全金属狂潮|搞笑|爆笑|TV|校园|贺东招二|2003|校园篇|bon太君|轻小说改|全金属狂潮2|关智一|雪野五月|武本康弘|京都动画|全金属狂潮校园篇|小说改|轻改|2003年8月|科幻|萝卜|fumoffu|日本|京都アニメーション|京都|日常|喜剧|恋爱|机战,https://chii.in/subject/338
218707,104,161,少女終末旅行,少女终末旅行,2017,8.1,16118,末世|百合|废土|公路片|WHITEFOX|治愈|2017年10月|漫画改|TV|少女终末旅行|科幻|2017|漫改|日常|尾崎隆晴|日本|致郁|轻百合|WHITE_FOX|萌|神作|反战|公路|2017年|冒险|水濑祈|旅行|水瀬いのり|轻百|つくみず,https://chii.in/subject/218707
278569,105,163,ハイスコアガールⅡ,高分少女 第二季,2019,8.1,5052,恋爱|J.C.STAFF|2019年10月|漫画改|TV|青春|游戏|2019|高分少女|漫改|押切蓮介|校园|白学|搞笑|山川吉樹|日本|山川吉树|续作|3D|街机游戏|浦畑達彦|日常|治愈|2019年|2019秋|党争|无口|季番|热血|街机,https://chii.in/subject/278569
240760,106,164,モブサイコ100 Ⅱ,灵能百分百 第二季,2019,8.1,14506,BONES|超能力|战斗|漫画改|2019年1月|搞笑|灵能百分百|TV|热血|漫改|2019|ONE|奇幻|立川让|川井宪次|日本|樱井孝宏|治愈|续作|立川譲|成长|骨头社|濑古浩司|校园|2019年|日常|神作|瀬古浩司|川井憲次|青春,https://chii.in/subject/240760
84171,109,169,ハイキュー!!,排球少年,2014,8.1,8987,运动番|热血|2014年4月|ProductionI.G|运动|排球！！|漫画改|TV|Production.I.G|2014|漫改|校园|JUMP·运动类|JUMP|内山昂辉|排球|日本|竞技|排球少年|満仲勧|細谷佳正|青春|燃|满仲劝|岸本卓|日野聡|体育|2014年|石川界人|神谷浩史,https://chii.in/subject/84171
175596,110,170,終物語(下),终物语（下）,2017,8.1,7615,物语系列|新房昭之|SHAFT|西尾维新|TV|轻小说改|2017年7月|2017|奇幻|后宫|轻改|终物语|小说改|神谷浩史|板村智幸|日本|斋藤千和|恋爱|校园|物语|吐槽|2017年|青春|沙发套|新房|续作|2017年8月|神作|西尾維新|OVA,https://chii.in/subject/175596
118335,111,171,進撃の巨人 Season 2,进击的巨人 第二季,2017,8.1,20681,进击的巨人|WITSTUDIO|热血|战斗|漫画改|2017年4月|TV|泽野弘之|漫改|2017|奇幻|荒木哲郎|ProductionI.G|续作|日本|肥塚正史|神作|剧情|第2期|悬疑|2017年|猎奇|神谷浩史|谏山创|梶裕贵|小林靖子|燃|Production.I.G|战争|WIT_STUDIO,https://chii.in/subject/118335
10639,113,173,Fate/Zero,Fate/Zero,2011,8.1,29817,Fate|虚渊玄|Type-Moon|ufotable|第四次圣杯战争|2011年10月|TV|Saber|战斗|奈绪蘑菇|2011|奇幻|前传|梶浦|小说改|老爸和他的基友|轻小说改|zero|日本|热血|三王|轻改|青木英|梶浦由记|蘑菇|游戏改|神作|金闪闪|梶浦由記|あおきえい,https://chii.in/subject/10639
288,114,177,ひぐらしのなく頃に解,寒蝉鸣泣之时 解,2007,8.1,12397,悬疑|龙骑士07|寒蝉鸣泣之时解|惊悚|TV|2007年7月|游戏改|寒蝉鸣泣之时|2007|ひぐらしのなく頃に解|噩梦的结束|studiodeen|治愈|寒蝉|GAL改|轮回|社会问题|今千秋|解|日本|猎奇|神作|伦理学|致郁|推理|中原麻衣|奇幻|续作|2007年|STUDIO_DEEN,https://chii.in/subject/288
22588,119,183,バクマン。2,爆漫王。2,2011,8.1,5227,小畑健|励志|食梦者|J.C.STAFF|燃|2011年10月|TV|Bakuman|大场鸫|JUMP|漫画改|2011|漫画家|少年jump|漫改|热血|爆漫|阿部敦|青春|冈本信彦|日野聪|日本|秋田谷典昭|吉田玲子|笠井贤一|职场|续作|恋爱|2011年|十月番,https://chii.in/subject/22588
512190,120,184,瑠璃の宝石,琉璃的宝石,2025,8.1,8187,StudioBind|科普|漫画改|日常|2025年7月|TV|矿物|2025|藤井慎吾|轻百合|日本|漫改|百合|治愈|横手美智子|2025年|TVA|CygamesPictures|萌|轻百|琉璃的宝石|校园|スタジオバインド|搞笑|萌豚|季番|萌系|日本动画|2025夏|7月,https://chii.in/subject/512190
1029,121,185,ef - a tale of melodies.,悠久之翼2,2008,8.1,5809,新房昭之|大沼心|ef|SHAFT|GAL改|催泪|TV|minori|天门|2008年10月|ef_a_tale_of_melodies.|2008|游戏改|恋爱|GAL|黑历史|新房|治愈|校园|日本|爱情|黑白优子画最高！|神作|致郁|悠久之翼|续作|虐心|2008年|七尾奈留|奇幻,https://chii.in/subject/1029
296739,123,189,ヴィンランド・サガ SEASON 2,冰海战记 第二季,2023,8.1,7577,MAPPA|历史|漫画改|2023年1月|战斗|成长|TV|剧情|2023|漫改|续作|战争|WITSTUDIO|籔田修平|霸权社|日本|薮田修平|热血|冰海战记|反战|神作|濑古浩司|种田|2023年|海盗战记|半年番|冒险|史诗|幸村诚|2020s,https://chii.in/subject/296739
72941,124,190,キルラキル,斩服少女,2013,8.1,17105,今石洋之|TRIGGER|热血|原创|泽野弘之|2013年10月|战斗|TV|燃|双斩少女|2013|百合|小清水亚美|搞笑|キルラキル|日本|校园|奇幻|2013年10月秋アニメ|斩服少女|2013年|中島かずき|神作|澤野弘之|中岛一基|扳机社|作画|半年番|吉成曜|原创动画,https://chii.in/subject/72941
282433,125,191,映像研には手を出すな！,别对映像研出手！,2020,8.1,8704,汤浅政明|2020年1月|TV|ScienceSARU|漫画改|校园|青春|2020|漫改|动画制作|日常|湯浅政明|日本动画|日本|Science_SARU|搞笑|励志|业界|神作|热血|2020年|科普|伊藤沙莉|动画|サイエンスSARU|TVA|季番|原创|作画|奇幻,https://chii.in/subject/282433
1948,128,195,キノの旅 -the Beautiful World-,奇诺之旅,2003,8.1,5161,奇诺之旅|灰色童话|TV|轻小说改|2003|寓言|轻小说|内涵|深度|2003年4月|黑星红白|奇幻|时雨泽惠一|幻想|小说改|内涵系|公路片|中村隆太郎|A・C・G・T|轻改|日本|治愈|公路|旅行|轻小说改编|单元剧|冒险|A.C.G.T|A.C.G.T.|2003年,https://chii.in/subject/1948
127563,133,209,ワンパンマン,一拳超人,2015,8.0,20827,热血|MADHouse|搞笑|一拳超人|战斗|漫画改|2015年10月|TV|漫改|2015|夏目真悟|ONE|石川界人|日本|梶裕貴|悠木碧|古川慎|奇幻|作画|燃|龙傲天|2015年|超能力|神作|日本动画|村田雄介|鈴木智尋|动作|动画|TVA,https://chii.in/subject/127563
101442,135,211,のんのんびより  りぴーと,悠哉日常大王 Repeat,2015,8.0,7253,日常|治愈|喵帕斯|SILVERLINK.|2015年7月|漫画改|TV|悠哉日常大王|百合|萌|2015|漫改|川面真也|第二季|吉田玲子|搞笑|日本|续作|轻百合|萝莉|乡村|2015年|阿澄佳奈|校园|萌系|SILVER_LINK.|佐仓绫音|SILVERLINK|村川梨衣|志茂文彦,https://chii.in/subject/101442
85631,137,214,ジョジョの奇妙な冒険 スターダストクルセイダース,JOJO的奇妙冒险 星尘斗士,2014,8.0,16913,JOJO|JOJO的奇妙冒险|热血|漫画改|2014年4月|战斗|TV|2014|燃|学姿势|david.production|漫改|奇幻|davidproduction|津田尚克|荒木飞吕彦|日本|智斗|超能力系|david_production|冒险|搞笑|荒木飛呂彦|2014年|小林靖子|大卫社|JUMP|续作|神作|小野大辅,https://chii.in/subject/85631
347887,139,217,からかい上手の高木さん③,擅长捉弄的高木同学 第三季,2022,8.0,7814,恋爱|校园|日常|2022年1月|狗粮|漫画改|TV|SHIN-EI|2022|漫改|擅长捉弄的高木同学|高橋李依|搞笑|赤城博昭|续作|日本|青春|治愈|纯爱|擅长调情的西片太太|高桥李依|シンエイ動画|2022年|神作|山本崇一朗|萌|喜剧|TVA|2022冬|高木同学,https://chii.in/subject/347887
18624,140,220,輪るピングドラム,回转企鹅罐,2011,8.0,11664,几原邦彦|神展开|生存战略|原创|2011年7月|TV|BrainsBase|2011|死妹控|超展开|呆萌企鹅|奇幻|企鹅|原创动画|妹控|日本|腾讯|幾原邦彦|电波|萌|企鹅娘|意识流|治愈|黑马|回转企鹅罐|神作|帝企鹅|Brain|内涵|木村良平,https://chii.in/subject/18624
289,141,224,ひぐらしのなく頃に,寒蝉鸣泣之时,2006,8.0,14675,悬疑|寒蝉鸣泣之时|惊悚|龙骑士07|TV|游戏改|2006|柴刀|古手梨花|studiodeen|ひぐらしのなく頃に|柴刀女|2006年4月|萌王|社会问题|GAL改|寒蝉|猎奇|轮回|今千秋|日本|治愈|WhenTheyCry|中原麻衣|致郁|保志总一朗|恐怖|推理|2006年|神作,https://chii.in/subject/289
1606,142,225,涼宮ハルヒの憂鬱,凉宫春日的忧郁 2009,2009,8.0,19161,京阿尼|漫无止境的八月|凉宫春日|SOS团|TV|轻小说改|校园|2009年4月|平野绫|2009|团长|吐槽|杉田智和|小说改|轻改|京都动画|日常|奇幻|武本康弘|凉宫春日和她愉快的伙伴们|日本|轻小说|石原立也|第二季|搞笑|凉宫春日的忧郁|科幻|青春|京都アニメーション|谷川流,https://chii.in/subject/1606
430699,143,226,メダリスト,金牌得主,2025,8.0,12204,运动|漫画改|2025年1月|花田十辉|TV|Engi|滑冰|竞技|日本|2025|漫改|花样滑冰|萝莉|花田十輝|山本靖贵|励志|热血|治愈|青春|成长|山本靖貴|2025冬|2025年|日常|金牌得主|搞笑|动画|花滑|黑马|催泪,https://chii.in/subject/430699
891,144,227,続 夏目友人帳,续 夏目友人帐,2009,8.0,7776,治愈|続・夏目友人帳|神谷浩史|治愈系|2009年1月|妖怪|TV|夏目友人账|绿川幸|温情|2009|漫画改|清新|BrainsBase|夏目友人帳|奇幻|漫改|基|日常|腐作|石田彰|夏目友人帐|日本|大森贵弘|大森貴弘|2009年|续作|井上和彦|Brain|アニメ,https://chii.in/subject/891
78405,145,229,のんのんびより,悠哉日常大王,2013,8.0,10968,日常|治愈|喵帕斯|2013年10月|SILVERLINK.|TV|漫画改|悠哉日常大王|百合|萌|2013|漫改|阿澄佳奈|吉田玲子|川面真也|搞笑|日本|轻百合|萝莉|乡村|校园|2013年|佐仓绫音|SILVER_LINK.|SILVERLINK|萌系|村川梨衣|季番|轻百|志茂文彦,https://chii.in/subject/78405
909,148,237,とらドラ！,龙与虎,2008,8.0,26560,钉宫理惠|龙与虎|校园|J.C.STAFF|恋爱|青春|轻小说改|2008年10月|萌虎|TV|掌中老虎|2008|蹭得累|萌|轻小说|小说改|轻改|电击文库|日本|长井龙雪|日常|傲娇|長井龍雪|治愈|钉宫|冈田麿里|搞笑|岡田麿里|堀江由衣,https://chii.in/subject/909
259,150,239,夏目友人帳,夏目友人帐,2008,8.0,11593,治愈系|夏目友人帳|治愈|神谷浩史|妖怪|TV|温情|2008年7月|绿川幸|2008|漫画改|感人|BrainsBase|奇幻|夏目友人账|日常|漫改|弱气受|井上和彦|日本|夏目友人帐|主仆|大森贵弘|大森貴弘|萌攻|2008年|鬼|小林沙苗|Brain|Brains･Base,https://chii.in/subject/259
100444,151,241,四月は君の嘘,四月是你的谎言,2014,8.0,22215,恋爱|音乐|A-1Pictures|治愈|青春|催泪|四月は君の嘘|2014年10月|漫画改|TV|2014|校园|漫改|花江夏樹|noitaminA|日本|逢坂良太|致郁|石黑恭平|横山克|梶裕貴|四月是你的谎言|神作|2014年|种田梨沙|日常|成长|イシグロキョウヘイ|励志|A-1,https://chii.in/subject/100444
23495,152,242,夏目友人帳 肆,夏目友人帐 肆,2012,8.0,6485,夏目友人帐|治愈系|治愈|神谷浩史|2012年1月|妖怪|TV|绿川幸|2012|漫画改|BrainsBase|夏目友人帳|奇幻|漫改|娘娘|腐|日常|夏目基友帐|經典|2012年1月番|日本|温情|大森贵弘|大森貴弘|续作|2012年|夏目|Brains･Base|催泪|アニメ,https://chii.in/subject/23495
235128,153,244,ジョジョの奇妙な冒険 黄金の風,JOJO的奇妙冒险 黄金之风,2018,8.0,14888,JOJO|荒木飞吕彦|热血|战斗|漫画改|2018年10月|TV|JOJO的奇妙冒险|davidproduction|2018|漫改|奇幻|智斗|日本|ジョジョの奇妙な冒険|木村泰大|david_production|david.production|小林靖子|津田尚克|冒险|大卫社|续作|搞笑|燃|2018年|高桥秀弥|JUMP|中村悠一|神作,https://chii.in/subject/235128
8402,154,246,Panty & Stocking with Garterbelt,吊带袜天使,2010,8.0,13448,GAINAX|今石洋之|美式|原创|重口|恶搞|TV|下限|2010年10月|2010|搞笑|战斗|飞天小女警×光之美少女|Stocking！|日本|成年小女警|奇幻|没有穿|吊带袜天使|飞天小女警|猎奇|锦织敦史|2010年|反差值|神作|无下限|neta|TRIGGER|节操|糟糕,https://chii.in/subject/8402
3428,155,247,バクマン。,爆漫王。,2010,8.0,6919,小畑健|J.C.STAFF|励志|2010年10月|Bakuman|TV|JUMP|大場つぐみ・小畑健|漫画改|2010|热血|基友你好|漫改|最高|日野聪|青春|阿部敦|秋人|日本|十月番|燃|秋田谷典昭|大場つぐみ|食梦者|笠井贤一|大场鸫|吉田玲子|恋爱|职场|梦想,https://chii.in/subject/3428
18294,156,249,ちはやふる,歌牌情缘,2011,8.0,5221,MADHouse|花牌|少女向|2011年10月|燃|TV|治愈|宫野真守|浅香守生|2011|漫画改|意想不到的有趣呢。|细谷佳正|恋爱|乙女向|校园|漫改|热血|天然呆|竞技|青春|运动|励志|日本|十月番|花牌情缘|少女漫|2011年|少女|高山直也,https://chii.in/subject/18294
10843,158,253,うさぎドロップ,白兔糖,2011,8.0,8465,治愈系|治愈|白兔糖|溫馨|2011年7月|TV|Production.I.G|noitaminA|养成|2011|漫画改|日常|I.G|生活|光源氏计划|漫改|ProductionI.G|大白兔奶糖|光源氏计划哟西|日本|收養|温馨|龟井干太|亀井幹太|萝莉|亲情|岸本卓|2011年|アニメ|Production,https://chii.in/subject/10843
331887,160,255,86―エイティシックス― 第2クール,86 -不存在的战区- 第2部分,2021,8.0,14565,A-1Pictures|轻小说改|科幻|战争|机战|2021年10月|泽野弘之|战斗|TV|恋爱|轻改|2021|小说改|石井俊匡|-86-eightsix-|日本|86|催泪|续作|神作|热血|治愈|2021年|萝卜|日漫|大野敏哉|奇幻|网恋奔现|2022|季番,https://chii.in/subject/331887
294836,161,256,NOMAD メガロボクス2,NOMAD MEGALO BOX 2,2021,8.0,5250,原创|拳击|2021年4月|热血|TV|运动|2021|Megalo_Box|TMS|森山洋|TMSEntertainment|续篇|续作|細谷佳正|战斗|日本|日本动画|竞技|科幻|TMS_Entertainment|剧情|治愈|神作|格斗|燃|人生|音乐|2021年|神配乐|megalobox,https://chii.in/subject/294836
428735,162,257,BanG Dream! It's MyGO!!!!!,,2023,8.0,29857,BanGDream|原创|音乐|百合|扭曲|2023年7月|偶像|乐队|TV|3D|2023|SANZIGEN|羊宮妃那|日本|柿本広大|三次元|无法预测的命运之舞台|校园|轻百合|青春|綾奈ゆにこ|少女乐队|柿本广大|MYGO|日常|乐队题材|2023年|神作|サンジゲン|重力,https://chii.in/subject/428735
88433,163,258,寄生獣 セイの格率,寄生兽 生命的准则,2014,8.0,15874,寄生兽|MADHouse|漫画改|2014年10月|猎奇|TV|科幻|战斗|漫改|2014|花泽香菜|平野绫|岩明均|寄生獣|清水健一|日本|奇幻|島﨑信長|人性|环保|热血|神作|剧情|2014年|血腥|校园|恋爱|内涵|治愈|米村正二,https://chii.in/subject/88433
464376,164,259,負けヒロインが多すぎる！,败犬女主太多了！,2024,8.0,26067,恋爱|校园|A-1Pictures|青春|轻小说改|2024年7月|败犬|搞笑|TV|轻改|2024|日常|小说改|日本|北村翔太郎|雨森たきび|党争|后宫|2024年|喜剧|治愈|恋爱喜剧|横谷昌宏|神作|成长|远野光|败犬女主太多了|季番|可惜学姐剧情被删除一点！|动画,https://chii.in/subject/464376
234,165,265,AIR,,2005,8.0,13000,key|京阿尼|Air|鸟之诗|催泪|GAL改|TV|2005|催泪弹|国歌|京都动画|游戏改|观铃|嘎哦|京都|恋爱|奇幻|galgame|2005年1月|石原立也|治愈|麻枝准|日本|神作|京都アニメーション|最萌2005推荐|志茂文彦|亲情|日常|2005年,https://chii.in/subject/234
277554,168,268,無職転生 ～異世界行ったら本気だす～,无职转生～到了异世界就拿出真本事～,2021,7.9,24558,异世界|轻小说改|2021年1月|后宫|奇幻|穿越|StudioBind|TV|战斗|轻改|2021|冒险|岡本学|小说改|日本|日本动画|冈本学|无职转生|恋爱|成长|转生|神作|2021年|2020年1月|热血|魔法|小原好美|杉田智和|搞笑|スタジオバインド,https://chii.in/subject/277554
425211,170,273,かぐや様は告らせたい-ファーストキッスは終わらない-,辉夜大小姐想让我告白-初吻不会结束-,2023,7.9,9056,恋爱|A-1Pictures|搞笑|校园|漫画改|剧场版|2023年4月|2023|TV|漫改|輝夜姬想讓人告白|日常|畠山守|日本|小俣真一|辉夜大小姐想让我告白|2023年|OVA|赤坂明|续作|喜剧|青春|恋爱喜剧|治愈|2023年3月|纯爱|辉夜大小姐|神作|赤坂アカ|辉夜,https://chii.in/subject/425211
292,171,274,DARKER THAN BLACK -黒の契約者-,DARKER THAN BLACK -黑之契约者-,2007,7.9,9703,BONES|黑之契约者|骨头社|超能力|原创|TV|2007|菅野洋子|银|黒の契約者|战斗|2007年4月|黑|比黑更黑|奇幻|大胃王|水树奈奈|琥珀|木内秀信|冈村天斋|日本|岡村天斎|Amber|科幻|DTB|2007年|热血|菅正太郎|剧情|菅野よう子,https://chii.in/subject/292
799,175,280,ef - a tale of memories.,悠久之翼,2007,7.9,6783,新房昭之|大沼心|GAL改|ef|SHAFT|TV|minori|校园|ef_a_tale_of_memories|2007年10月|2007|天门|恋爱|游戏改|七尾奈留|大昭心|GAL|催泪|治愈|新房|日本|悠久之翼|神作|致郁|2007年|memories|爱情|青春|御影|TVA,https://chii.in/subject/799
59664,176,281,銀の匙 Silver Spoon,银之匙 Silver Spoon,2013,7.9,5476,荒川弘|A-1Pictures|2013年7月|治愈|漫画改|银之匙|TV|搞笑|校园|2013|noitaminA|农业|牛姨|日常|漫改|木村良平|青春|伊藤智彦|励志|日本|A-1|2013夏|岸本卓|2013年|成长|TVA|Spoon|A-1_Pictures|村井秀清|动画,https://chii.in/subject/59664
3892,177,283,逆境無頼カイジ Ultimate Survivor,赌博默示录,2007,7.9,6305,MADHouse|赌博|心理|福本伸行|TV|漫画改|赌博默示录|智斗|2007年10月|2007|漫改|丧家犬的奋斗史|悬疑|佐藤雄三|日本|剧情|ざわ…|ZAWA|Kaiji|补番|热血|2007年|竞技|神作|推理|半年番|日本动画|斗智|补旧番|戒赌,https://chii.in/subject/3892
37685,179,285,PSYCHO-PASS サイコパス,心理测量者,2012,7.9,14200,虚渊玄|科幻|PSYCHO-PASS|ProductionI.G|2012年10月|原创|TV|花泽香菜|爱的战士|2012|天野明|noitaminA|战斗|関智一|Production.I.G|反乌托邦|石田彰|悬疑|犯罪|日本|沢城みゆき|樱井孝宏|十月番|塩谷直義|剧情|虚淵玄|心理测量者|2012年|赛博朋克|盐谷直义,https://chii.in/subject/37685
193378,180,286,サクラダリセット,重启咲良田,2017,7.9,8462,轻小说改|时空轮回|2017年4月|TV|悬疑|davidproduction|超能力|悠木碧|2017|花泽香菜|轻改|恋爱|川面真也|奇幻|小说改|智斗|石川界人|河野裕|轮回|日本|校园|剧情|科幻|推理|david_production|神作|重启咲良田|穿越|青春|2017年,https://chii.in/subject/193378
24790,181,288,男子高校生の日常,男子高中生的日常,2012,7.9,21835,搞笑|吐槽|男子高中的日常|日常|SUNRISE|2012年1月|TV|杉田智和|漫画改|校园|2012|吐槽向|铃村健一|吐槽帝再现|漫改|入野自由|高松信司|喜剧|日本|三癞子|青春|新番|银桑|2012年|爆笑|男子高中生的日常|石田彰|山内泰延|文学少女|动画,https://chii.in/subject/24790
214265,183,293,少女☆歌劇 レヴュースタァライト,少女☆歌剧 Revue Starlight,2018,7.9,15785,原创|百合|2018年7月|TV|少女☆歌剧|歌剧|舞台|古川知宏|战斗|2018|音乐|KINEMA.CITRUS|少女歌剧|KINEMACITRUS|偶像|日本|奇幻|校园|KINEMA_CITRUS|无法预测的命运之舞台|扭曲|意识流|轻百合|电波|2018年|少女|神作|樋口達人|轮回|小出卓史,https://chii.in/subject/214265
2463,189,313,デュラララ!!,无头骑士异闻录,2010,7.9,13766,成田良悟|无头骑士异闻录|デュラララ!!|2010年1月|DRRR!!|TV|池袋|神谷浩史|电击文库|2010|轻小说改|节奏紧凑|DOLLARS|好人设|BrainsBase|奇幻|群像|福山润|小说改|轻改|剧情|日本|大森贵弘|Brain|神画面|大森貴弘|战斗|群像剧|宫野真守|悬疑,https://chii.in/subject/2463
207573,191,315,月がきれい,月色真美,2017,7.9,15942,恋爱|校园|原创|青春|纯爱|2017年4月|Feel.|月色真美|TV|岸诚二|2017|日常|治愈|原创动画|岸誠二|日本|柿原優子|狗粮|小原好美|爱情|loundraw|2017年|神作|柿原优子|东山奈央|TVA|季番|2017春|日本动画|8分,https://chii.in/subject/207573
293049,192,317,かぐや様は告らせたい?～天才たちの恋愛頭脳戦～,辉夜大小姐想让我告白?～天才们的恋爱头脑战～,2020,7.9,23357,恋爱|搞笑|校园|A-1Pictures|漫画改|2020年4月|TV|日常|漫改|2020|かぐや様は告らせたい～天才たちの恋愛頭脳戦～|日本|畠山守|小俣真一|辉夜大小姐想让我告白|续作|青春|狗粮|赤坂アカ|2020年|赤坂明|喜剧|A-1_Pictures|古川慎|纯爱|古贺葵|智斗|恋爱喜剧|动画|小原好美,https://chii.in/subject/293049
448478,193,318,忘却バッテリー,失忆投捕,2024,7.9,6436,运动|MAPPA|棒球|2024年4月|漫画改|搞笑|TV|校园|2024|热血|漫改|横手美智子|宮野真守|日本|中园真登|中園真登|励志|青春|竞技|失忆投捕|日常|2024年|増田俊樹|TVA|季番|日本动画|治愈|运动番|成长|失忆,https://chii.in/subject/448478
91205,194,321,ハイスコアガール,高分少女,2018,7.9,6126,恋爱|J.C.STAFF|2018年7月|TV|漫改|街机游戏|漫画改|高分少女|2018|情怀|游戏|无口|押切蓮介|白学|山川吉樹|日本|青春|搞笑|校园|3D|日常|山川吉树|党争|2018年|季番|治愈|日本动画|狗粮|TVA|三角恋,https://chii.in/subject/91205
23161,197,327,偽物語,伪物语,2012,7.9,14595,新房昭之|西尾维新|SHAFT|伪物语|物语系列|2012年1月|TV|轻小说改|战场原荡漾|2012|神谷浩史|奇幻|可疑的肉片|垃圾君|后宫|小说改|轻改|西尾你赢了|日本|萌。萌。萌。|荡漾|恋爱|吐槽|物语|神前晓|2012年|刷牙|校园|短发|花泽香菜,https://chii.in/subject/23161
235130,200,335,ぐらんぶる,碧蓝之海,2018,7.9,16882,搞笑|颜艺|漫画改|2018年7月|A-1Pictures|TV|日常|碧蓝之海|漫改|爆笑|校园|2018|潜水动画（迫真）|ZERO-G|高松信司|日本|青春|青年向|恋爱|运动|沙雕|内田雄馬|井上坚二|潜水|2018年|喜剧|社团|神作|井上堅二|木村良平,https://chii.in/subject/235130
26449,202,338,人類は衰退しました,人类衰退之后,2012,7.9,8853,人类衰退之后|轻小说改|2012年7月|田中罗密欧|TV|中原麻衣|内涵|AIC|治愈|岸诚二|2012|田中ロミオ|奇幻|吐槽|轻改|小说改|轻小说|日本|日常|搞笑|岸誠二|七月番|猎奇|科幻|末世|电波|萌|2012年|剧情|上江洲誠,https://chii.in/subject/26449
282,208,357,狼と香辛料,狼与香辛料,2008,7.8,11573,狼と香辛料|萌狼|轻小说改|TV|小清水亚美|治愈|2008年1月|治愈系|福山润|经济|2008|轻小说|IMAGIN|轻改|奇幻|电击文库|恋爱|小说改|日本|公路片|狼|旅行|狼与香辛料|高桥丈夫|日常|高橋丈夫|神|公路|2008年|咱,https://chii.in/subject/282
395378,210,360,ダンジョン飯,迷宫饭,2024,7.8,16659,美食|TRIGGER|奇幻|漫画改|冒险|2024年1月|搞笑|异世界|TV|漫改|2024|战斗|九井谅子|日本|宫岛善博|宮島善博|治愈|日常|2023|公路片|迷宫饭|2024年|日本动画|地下城|半年番|光田康典|扳机社|千本木彩花|2024年4月|うえのきみこ,https://chii.in/subject/395378
248175,211,361,かぐや様は告らせたい～天才たちの恋愛頭脳戦～,辉夜大小姐想让我告白～天才们的恋爱头脑战～,2019,7.8,26239,恋爱|搞笑|A-1Pictures|校园|漫画改|2019年1月|TV|日常|漫改|2019|狗粮|赤坂アカ|吔我狗粮啦|畠山守|日本|小俣真一|辉夜大小姐想让我告白|青春|喜剧|2019年|赤坂明|智斗|恋爱喜剧|傲娇|古川慎|小原好美|中西やすひろ|辉夜大小姐|古贺葵|纯爱,https://chii.in/subject/248175
68035,215,367,有頂天家族,有顶天家族,2013,7.8,5999,P.A.WORKS|森見登美彦|小说改|2013年7月|TV|有顶天家族|久米田康治|2013|能登麻美子|奇幻|櫻井孝宏|治愈|吉原正行|日常|诹访部顺一|轻小说改|森见登美彦|日本|轻改|搞笑|樱井孝宏|菅正太郎|妖怪|2013年|2013夏|中原麻衣|狸猫|动画|京都|TVA,https://chii.in/subject/68035
333664,216,368,であいもん,相合之物,2022,7.8,10084,治愈|日常|2022年4月|漫画改|养女儿|TV|美食|EncourageFilms|2022|漫改|吉田玲子|相合之物|追崎史敏|日本|搞笑|职场|島﨑信長|温馨|恋爱|亲情|萌|2022年|萝莉|六果|家庭|エンカレッジフィルムズ|TVA|季番|日本动画|一果,https://chii.in/subject/333664
332649,217,369,Sonny Boy,漂流少年,2021,7.8,9632,原创|MADHouse|夏目真悟|奇幻|2021年7月|意识流|TV|青春|校园|2021|超能力|群像|渡边信一郎|日本|日本动画|电波|江口寿史|成长|神作|2021年|实验动画|漫改|存在主义|漂流少年|哲学|久貝典史|TVA|久贝典史|悠木碧|2020s,https://chii.in/subject/332649
394260,219,371,僕の心のヤバイやつ,我心里危险的东西,2023,7.8,14783,恋爱|校园|2023年4月|漫画改|牛尾宪辅|TV|日常|SHIN-EI|纯爱|漫改|花田十辉|2023|搞笑|羊宮妃那|赤城博昭|日本|青春|治愈|日本动画|シンエイ動画|我心里危险的东西|狗粮|2023年|花田十輝|牛尾憲輔|季番|TVA|羊宫妃那|我心危|神作,https://chii.in/subject/394260
158316,220,372,モブサイコ100,灵能百分百,2016,7.8,16231,BONES|漫画改|搞笑|热血|2016年7月|TV|战斗|灵能百分百|ONE|漫改|2016|奇幻|超能力|立川让|川井宪次|樱井孝宏|日本|龟田祥伦|立川譲|校园|治愈|骨头社|成长|日常|2016年|作画|细谷佳正|青春|川井憲次|瀬古浩司,https://chii.in/subject/158316
150490,223,377,ジョジョの奇妙な冒険 ダイヤモンドは砕けない,JOJO的奇妙冒险 不灭钻石,2016,7.8,14711,JOJO|热血|荒木飛呂彦|漫画改|战斗|2016年4月|TV|davidproduction|2016|漫改|奇幻|ジョジョの奇妙な冒険|JOJO的奇妙冒险|日本|智斗|荒木飞吕彦|日常|津田尚克|搞笑|david_production|david.production|大卫社|2016年|JUMP|超能力|续作|小林靖子|燃|加藤敏幸|神作,https://chii.in/subject/150490
2461,226,380,ギャグマンガ日和,搞笑漫画日和,2005,7.8,6369,吐槽|日和|搞笑|神作|2005|光速吐槽|TV|熊吉|泡面番|大地丙太郎|ArtLand|变态绅士|漫画改|神ED|不正经|語速|吐糟|漫改|名冢佳织|日本|2005年2月|名塚佳織|隋炀帝|2005年1月|恶搞|泡面|2005年|搞笑漫画日和|动画|ギャグ,https://chii.in/subject/2461
1512,227,381,狼と香辛料Ⅱ,狼与香辛料 第二季,2009,7.8,8194,萌狼|狼与香辛料|轻小说改|TV|2009年7月|狼と香辛料II|小清水亚美|经济|福山润|2009|轻小说|一只狼和大叔的故事|治愈|奇幻|恋爱|BrainsBase|轻改|商人|小说改|日本|旅行|公路片|高桥丈夫|日常|高橋丈夫|狼と香辛料|人狼神交记|Brain|续作|2009年,https://chii.in/subject/1512
7883,236,399,それでも町は廻っている,女仆咖啡厅,2010,7.8,5439,新房昭之|SHAFT|TV|搞笑|日常|漫画改|2010年10月|2010|小见川千明|妹抖咖啡厅|女仆|杉田智和|漫改|樱井孝宏|悠木碧|石黑正数|坂本真绫|日本|治愈|梅津泰臣|2010-10月番|石黒正数|龙轮直征|校园|电波|2010年|女仆咖啡厅|入野自由|TVA|龍輪直征,https://chii.in/subject/7883
313852,237,400,まちカドまぞく 2丁目,街角魔族 2丁目,2022,7.8,8319,芳文社|百合|日常|J.C.STAFF|搞笑|2022年4月|漫画改|TV|轻百合|魔法少女|2022|漫改|萌|街角魔族|樱井弘明|日本|奇幻|续作|治愈|桜井弘明|校园|小原好美|2022年|萌系|轻百|萌豚|废萌|季番|喜剧|恋爱,https://chii.in/subject/313852
243981,238,401,やがて君になる,终将成为你,2018,7.8,10231,百合|恋爱|校园|2018年10月|漫画改|TV|TROYCA|花田十辉|漫改|2018|一迅社|加藤誠|治愈|日本|寿美菜子|加藤诚|GL|日常|青春|2018年十月番|终将成为你|扭曲|2018年|花田十輝|仲谷鳰|漫画改编|真百|季番|高田憂希|神作,https://chii.in/subject/243981
252655,239,402,ゾンビランドサガ,佐贺偶像是传奇,2018,7.8,14193,原创|搞笑|偶像|MAPPA|2018年10月|僵尸|TV|佐贺偶像是传奇|2018|cygames|音乐|宮野真守|境宗久|種田梨沙|日本|百合|治愈|励志|奇幻|沙雕|村越繁|TⅤ|MAPPA　|TＶ|TV　|恐怖|2018年|日常|本渡枫|本渡楓,https://chii.in/subject/252655
287488,242,408,ゾンビランドサガ リベンジ,佐贺偶像是传奇 复仇,2021,7.8,8797,原创|偶像|MAPPA|搞笑|2021年4月|TV|僵尸|2021|音乐|续作|治愈|境宗久|百合|偶像大尸灰骨娘女骸|日本|村越繁|佐贺偶像是传奇|奇幻|励志|日本动画|cygames|热血|2021年|日常|季番|喜剧|轻百合|沙雕|高梨康治|TVA,https://chii.in/subject/287488
100449,246,418,月刊少女野崎くん,月刊少女野崎君,2014,7.8,21417,搞笑|动画工房|漫画改|2014年7月|恋爱|校园|纯爱|TV|月刊少女野崎君|2014|萌|漫改|中村悠一|動画工房|泽城美雪|日常|少女向|日本|木村良平|山﨑みつえ|小野友樹|青春|少女|山崎光惠|小泽亚李|治愈|2014年|中村能子|冈本信彦|吐槽,https://chii.in/subject/100449
979,251,428,BLACK LAGOON,黑礁,2006,7.8,5846,暴力美学|黑礁|MADHouse|枪战|TV|御姐|2006年4月|2006|漫画改|现代黑帮|暴力|战斗|广江礼威|漫改|莱薇|日本|暴力最高|黑帮|片渕須直|双子|片渊须直|犯罪|黑幫天堂|热血|动画|2006年|动作|広江礼威|浪川大辅|日本动画,https://chii.in/subject/979
299,262,453,さよなら絶望先生,再见绝望先生,2007,7.8,5776,新房昭之|绝望先生|SHAFT|久米田康治|神谷浩史|讽刺|TV|2007年7月|电波|2007|漫画改|社会问题|系色望|绝望啦|漫改|搞笑|吐槽|校园|绝望|日本|后宫|治愈系|日常|2007年|新房|野中蓝|井上麻里奈|新房大神|TVA|治愈,https://chii.in/subject/299
138829,265,461,終物語,终物语,2015,7.8,8407,物语系列|新房昭之|西尾维新|SHAFT|2015年10月|TV|轻小说改|2015|奇幻|后宫|轻改|神谷浩史|小说改|物语|板村智幸|日本|井上麻里奈|校园|恋爱|终物语|2015年|吐槽|怪异|续作|战斗|悬疑|推理|西尾維新|搞笑|青春,https://chii.in/subject/138829
43558,267,464,ジョジョの奇妙な冒険,JOJO的奇妙冒险,2012,7.8,17832,JOJO的奇妙冒险|热血|荒木飞吕彦|漫画改|2012年10月|TV|战斗|JOJO|子安武人|2012|david_production|漫改|奇幻|神作|davidproduction|杉田智和|日本|津田尚克|智斗|david.production|漫画改编|冒险|搞笑|JUMP|燃|2012年|大卫社|小林靖子|岩崎琢|荒木飛呂彦,https://chii.in/subject/43558
79227,274,475,ノーゲーム・ノーライフ,游戏人生,2014,7.7,24066,轻小说改|MADHouse|2014年4月|异世界|TV|游戏|No_Game_No_Life|奇幻|搞笑|2014|轻改|茅野愛衣|智斗|小说改|日笠阳子|日本|田村ゆかり|后宫|井口裕香|穿越|战斗|游戏人生|石塚敦子|兄妹|松冈祯丞|花田十辉|妹控|热血|茅野爱衣|2014年,https://chii.in/subject/79227
271151,275,476,からかい上手の高木さん②,擅长捉弄的高木同学 第二季,2019,7.7,8763,恋爱|狗粮|校园|日常|2019年7月|漫画改|TV|搞笑|SHIN-EI|擅长调情的西片太太|2019|漫改|擅长捉弄的高木同学|续作|日本|赤城博昭|治愈|青春|高桥李依|纯爱|シンエイ動画|高橋李依|2019年|甜|梶裕贵|神作|山本崇一朗|喜剧|日本动画|2019夏,https://chii.in/subject/271151
28900,280,482,ゆるゆり♪♪,摇曳百合♪♪,2012,7.7,7272,百合|阿卡林|搞笑|摇曳百合|动画工房|2012年7月|TV|日常|漫画改|治愈|萌|2012|存在感|摇曳百合♪♪|第二季|漫改|校园|太田雅彦|喜剧|日本|轻百合|動画工房|娛樂部|一迅社|续作|七月番|2012年|轻百|萌豚|大坪由佳,https://chii.in/subject/28900
181354,283,494,斉木楠雄のΨ難,齐木楠雄的灾难,2016,7.7,15320,搞笑|J.C.STAFF|校园|漫画改|2016年7月|超能力|日常|TV|齐木楠雄的灾难|神谷浩史|漫改|2016|吐槽|小野大輔|日本|横手美智子|喜剧|奇幻|桜井弘明|樱井弘明|泡面番|島﨑信長|茅野爱衣|2016年|EGGFIRM|治愈|恋爱|JUMP|麻生周一|半年番,https://chii.in/subject/181354
176478,284,495,けものフレンズ,兽娘动物园,2017,7.7,6199,2017年1月|游戏改|TV|兽娘动物园|百合|3D|萌|治愈|2017|たつき|超自然|ヤオヨロズ|けものフレンズ|YAOYOROZU|子供向|原创|废土|日本|奇幻|furry|日常|公路片|2017年|兽娘|科幻|八百万|动物|悬疑|搞笑|轻百合,https://chii.in/subject/176478
77476,285,498,シドニアの騎士,希德尼娅的骑士,2014,7.7,5334,科幻|漫画改|2014年4月|希德尼娅的骑士|TV|萝卜|PolygonPictures|弐瓶勉|2014|机战|3D|漫改|シドニアの騎士|静野孔文|子安武人|后宫|日本|战斗|村井さだゆき|逢坂良太|2014年|SF|恋爱|丰崎爱生|ポリゴン・ピクチュアズ|机甲|喜多村英梨|洲崎绫|TVA|金元寿子,https://chii.in/subject/77476
484623,287,505,よふかしのうた Season 2,彻夜之歌 第二季,2025,7.7,5109,恋爱|奇幻|2025年7月|漫画改|TV|LIDENFILMS|2025|漫改|吸血鬼|日本|彻夜之歌|板村智幸|续作|日常|少年向|搞笑|横手美智子|青春|战斗|2025年|百合|都市|电波|ライデンフィルム|纯爱|琴山|雨宫天|7月|治愈|季番,https://chii.in/subject/484623
376703,289,512,アイドルマスター シンデレラガールズ U149,偶像大师 灰姑娘女孩 U149,2023,7.7,7258,CygamesPictures|偶像大师|偶像|2023年4月|冈本学|萝莉|TV|漫画改|2023|音乐|漫改|幼女偶像|岡本学|铁窗P|桃华妈妈|日本|日常|萌|治愈|2023年|幼女|百合|IM@S|村山沖|原创|cygames|TVA|季番|游戏改|照井春佳,https://chii.in/subject/376703
404804,290,513,天国大魔境,天国大魔境,2023,7.7,14471,Production.I.G|悬疑|2023年4月|漫画改|科幻|TV|战斗|石黒正数|末世|漫改|2023|石黑正数|森大貴|ProductionI.G|日本|森大贵|冒险|公路片|奇幻|NTR|废土|牛尾宪辅|牛尾憲輔|性转|2023年|公路|天国大魔境|Production_I.G|末日|季番,https://chii.in/subject/404804
274,291,514,Kanon,,2006,7.7,7174,key|京阿尼|Kanon|催泪|GAL改|TV|石原立也|2006|京都|校园|奇迹|2006年10月|游戏改|杉田智和|恋爱|galgame|京都动画|治愈|2006年10月番|麻枝准|日本|奇幻|京都アニメーション|志茂文彦|日常|2006年|坂本真绫|后宫|堀江由衣|神作,https://chii.in/subject/274
357961,292,515,スキップとローファー,跃动青春,2023,7.7,10582,校园|青春|P.A.WORKS|2023年4月|日常|漫画改|恋爱|治愈|TV|2023|漫改|出合小都美|黑泽朋世|搞笑|日本|女性向|2023年|群像|跃动青春|2023年度top10|纯爱|日本动画|季番|黒沢ともよ|2020s|TVA|成长|2022|内田真礼|2023春,https://chii.in/subject/357961
285666,296,523,進撃の巨人 The Final Season,进击的巨人 最终季,2020,7.7,14352,MAPPA|进击的巨人|战斗|热血|TV|漫改|2020年10月|漫画改|2020|奇幻|战争|人类近现代史的反思|漫改历史浓墨重彩的一笔|日本|林祐一郎|泽野弘之|神作|续作|WITSTUDIO|剧情|反战|2020年|2020年12月|2021年1月|瀬古浩司|谏山创|2021|悬疑|猎奇|濑古浩司,https://chii.in/subject/285666
285482,303,532,異種族レビュアーズ,异种族风俗娘评鉴指南,2020,7.7,13597,卖肉|搞笑|2020年1月|TV|奇幻|漫改|Passione|漫画改|异世界|网盘见|2020|肉番|肉|巨乳|R17漫改|日本|轻小说改|小川優樹|里番|日常|小川优树|2020年|科普|异种族风俗娘评鉴指南|福利|魔物娘|天原|露点|神作|パッショーネ,https://chii.in/subject/285482
56117,304,534,猫物語（黒）,猫物语（黑）,2012,7.7,10637,新房昭之|物语系列|西尾维新|SHAFT|轻小说改|TV|2012年12月|2012|奇幻|神谷浩史|神前晓|堀江由衣|小说改|后宫|轻改|2013年1月|板村智幸|花泽香菜|日本|物语|恋爱|OVA|肉|2012年|吐槽|校园|战斗|2013|续作|渡边明夫,https://chii.in/subject/56117
131891,313,554,暗殺教室 第2期,暗杀教室 第二季,2016,7.7,7754,漫画改|搞笑|校园|2016年1月|TV|暗杀教室|Lerche|战斗|2016|福山润|暗殺教室|漫改|岸誠二|治愈|催泪|岸诚二|杉田智和|青春|日本|奇幻|宫野真守|日常|续作|JUMP|热血|成长|励志|2016年|教育|神作,https://chii.in/subject/131891
174043,318,565,この素晴らしい世界に祝福を！2,为美好的世界献上祝福！ 第二季,2017,7.7,17982,搞笑|异世界|轻小说改|2017年1月|为美好的世界献上祝福！|TV|studiodeen|后宫|轻改|奇幻|2017|雨宮天|高桥李依|第二季|小说改|日本|穿越|日常|战斗|续作|为美好的世界献上祝福|冒险|金崎贵臣|金﨑貴臣|STUDIO_DEEN|逗比|2017年|素晴|雨宫天|喜剧,https://chii.in/subject/174043
531159,319,568,日々は過ぎれど飯うまし,时光流逝，饭菜依旧美味,2025,7.7,10286,原创|P.A.WORKS|美食|日常|2025年4月|TV|轻百合|日本|2025|轻百|百合|治愈|川面真也|春水融|校园|比企能博|2025年|搞笑|萌|青春|无法预测的命运之舞台|萌系|萌豚|原创动画|社团|4月|芳文社|青山吉能|追番|2020s,https://chii.in/subject/531159
376739,321,572,進撃の巨人 The Final Season 完結編 前編,进击的巨人 最终季 完结篇 前篇,2023,7.7,10010,MAPPA|进击的巨人|2023|战斗|漫画改|热血|TV|战争|漫改|一个时代的落幕|奇幻|林祐一郎|剧场版|進擊的巨人|日本|续作|那种事情不要啊|2023年3月|2023年4月|泽野弘之|2023年|2023年1月|神作|剧情|谏山创|OVA|瀬古浩司|濑古浩司|TVSP|日本动画,https://chii.in/subject/376739
135275,324,582,この素晴らしい世界に祝福を！,为美好的世界献上祝福！,2016,7.7,21955,搞笑|轻小说改|异世界|2016年1月|为美好的世界献上祝福|穿越|TV|后宫|studiodeen|逗比|2016|轻改|奇幻|小说改|STUDIO_DEEN|日本|日常|战斗|金﨑貴臣|金崎贵臣|冒险|暁なつめ|高桥李依|雨宫天|2016年|素晴|为美好的世界献上祝福！|喜剧|智障|茅野爱衣,https://chii.in/subject/135275
398951,325,585,その着せ替え人形は恋をする Season 2,更衣人偶坠入爱河 第二季,2025,7.7,8085,恋爱|CloverWorks|校园|漫画改|2025年7月|TV|日常|cosplay|2025|漫改|日本|搞笑|卖肉|青年向|篠原啓輔|续作|筱原启辅|青春|更衣人偶坠入爱河|纯爱|未定档|梅原翔太|第二季|2025年|福利|待上映|7月|治愈|COS|富田赖子,https://chii.in/subject/398951
331752,327,587,進撃の巨人 The Final Season Part.2,进击的巨人 最终季 Part.2,2022,7.7,12338,MAPPA|进击的巨人|战斗|漫画改|2022年1月|热血|TV|漫改|2022|奇幻|纸片人文化中首屈一指统一全人类审美的雅俗共赏神作|战争|日本|林祐一郎|续作|神作|剧情|泽野弘之|2022年|谏山创|2021|瀬古浩司|濑古浩司|猎奇|日本动画|悬疑|澤野弘之|日漫|季番|2021年,https://chii.in/subject/331752
126173,332,594,ReLIFE,,2016,7.7,11797,恋爱|校园|青春|漫画改|2016年7月|TV|ReLIFE|漫改|2016|TMS|茅野爱衣|治愈|TMS_Entertainment|小野贤章|日本|小坂知|日常|木村良平|搞笑|穿越|科幻|奇幻|横手美智子|TMSEntertainment|2016年|催泪|纯爱|成长|人生|神作,https://chii.in/subject/126173
185792,334,600,リトルウィッチアカデミア,小魔女学园,2017,7.7,9842,TRIGGER|原创|吉成曜|2017年1月|奇幻|TV|魔法|百合|小魔女学园|魔女|2017|原创动画|半年番|搞笑|校园|日本|大島ミチル|2017年|日常|战斗|治愈|热血|轻百合|励志|魔法少女|今石洋之|扳机社|島田満|作画|日本动画,https://chii.in/subject/185792
2784,336,602,犬夜叉,犬夜叉,2000,7.7,5057,犬夜叉|高橋留美子|穿越|TV|童年|SUNRISE|2000|爱情|战斗|那井那狗那女人|經典|漫画改|经典|高桥留美子|恋爱|山口胜平|奇幻|日本|漫改|古代|2000年10月|热血|拖戏|长篇|冒险|那狗|2000年|池田成|青木康直|雪野五月,https://chii.in/subject/2784
204027,337,604,斉木楠雄のΨ難 第2期,齐木楠雄的灾难 第二季,2018,7.7,10885,搞笑|J.C.STAFF|校园|日常|漫画改|2018年1月|超能力|TV|齐木楠雄的灾难|2018|漫改|神谷浩史|续作|日本|桜井弘明|2018年|奇幻|吐槽|樱井弘明|JUMP|恋爱|茅野爱衣|EGGFIRM|科幻|半年番|小野大辅|动画|喜剧|EGG_FIRM|第二季,https://chii.in/subject/204027
342667,338,605,この素晴らしい世界に祝福を！3,为美好的世界献上祝福！第三季,2024,7.7,12546,搞笑|异世界|轻小说改|2024年4月|为美好的世界献上祝福|TV|奇幻|J.C.STAFF|2024|轻改|后宫|drive|小说改|续作|日本|安部祐二郎|日常|战斗|穿越|素晴|冒险|2024年|为美好的世界献上祝福！|金崎贵臣|未定档|未确定|金﨑貴臣|ドライブ|喜剧|高桥李依,https://chii.in/subject/342667
14588,340,608,ゆるゆり,摇曳百合,2011,7.7,8774,百合|搞笑|摇曳百合|动画工房|2011年7月|阿卡林|TV|日常|漫画改|2011|粉红切开都是黑的|无男主|漫改|ゆるゆり|校园|软妹|太田雅彦|萌|轻百合|日本|治愈|伪百合|動画工房|清新|新人声优|豊崎愛生|一迅社|娱乐部|NTR|2011年,https://chii.in/subject/14588
339326,346,630,異世界おじさん,异世界舅舅,2022,7.6,18474,搞笑|异世界|2022年7月|漫画改|奇幻|子安武人|TV|日常|AtelierPontdarc|反套路|漫改|2022|穿越|后宫|日本|河合滋樹|战斗|恋爱|傲娇|河合滋树|颜艺|2022年|喜剧|猪原健太|异世界舅舅|悠木碧|户松遥|冒险|福山润|Atelier_Pontdarc,https://chii.in/subject/339326
1487,347,631,桜蘭高校ホスト部,樱兰高校男公关部,2006,7.6,5554,BONES|櫻蘭男公關|后宫|宮野真守|TV|2006|坂本真绫|治愈系|男公关|搞笑|校园|漫画改|腐|天然呆|樱兰高校|恋爱|双子|少女向|2006年4月|笨蛋|HONEY前輩|春绯|漫改|逆后宫|樱兰|乙女向|恶搞|五十岚卓哉|治愈|日本,https://chii.in/subject/1487
296195,348,632,Re:ゼロから始める異世界生活 新編集版,Re：从零开始的异世界生活 新编集版,2020,7.6,7035,异世界|轻小说改|WHITEFOX|2020年1月|奇幻|TV|Re:ゼロから始める異世界生活|战斗|轻改|2020|轮回|小说改|日本|渡邊政治|穿越|恋爱|后宫|Re:从零开始异世界生活|总集篇|渡边政治|re0|热血|横谷昌宏|冒险|Re：从零开始的异世界生活|2020年|剧情|长月达平|高桥李依|神作,https://chii.in/subject/296195
40310,349,633,ガールズ＆パンツァー,少女与战车,2012,7.6,7983,少女和战车|百合|水岛努|原创|TV|2012年10月|战车道|Actas|战车|2012|燃|搞笑|战斗|萌娘满载|软妹|WOT|吉田玲子|军事|日本|校园|少女与战车|水島努|萌|热血|轻百合|竞技|アクタス|Panzer|日常|2012年,https://chii.in/subject/40310
294713,352,644,かくしごと,隐瞒之事,2020,7.6,6881,日常|治愈|2020年4月|TV|漫画改|搞笑|久米田康治|亚细亚堂|2020|漫改|神谷浩史|亲情|高橋李依|村野佑太|亜細亜堂|日本|高桥李依|催泪|养女儿|隐瞒之事|2020年|家庭|萝莉|父女|女儿|2020春|季番|日本动画|橋本由香利|2020s,https://chii.in/subject/294713
431767,354,648,ガールズバンドクライ,GIRLS BAND CRY,2024,7.6,23041,乐队|原创|音乐|2024年4月|花田十辉|东映动画|3D|百合|TV|2024|東映アニメーション|东映|日本|青春|酒井和男|无法预测的命运之舞台|励志|轻百合|搞笑|日常|少女乐队|摇滚|偶像|热血|2024年|治愈|轻百|花田十輝|神作|gbc,https://chii.in/subject/431767
137722,360,655,僕だけがいない街,只有我不存在的城市,2016,7.6,13684,悬疑|A-1Pictures|推理|漫画改|2016年1月|TV|只有我不在的街道|梶浦由記|2016|漫改|noitaminA|伊藤智彦|穿越|日本|轮回|治愈|推理系|奇幻|岸本卓|校园|NTR|剧情|悠木碧|恋爱|梶浦由记|2016年|A-1_Pictures|季番|动画|石井俊匡,https://chii.in/subject/137722
227718,361,656,メガロボクス,MEGALO BOX,2018,7.6,9124,拳击|原创|热血|2018年4月|TV|运动|TMS_Entertainment|2018|森山洋|纪念作|漫画改|TMS|战斗|TMSEntertainment|日本|竞技|漫改|安元洋贵|科幻|燃|音乐|明日之丈|2018年|励志|日本动画|格斗|トムス・エンタテインメント|細谷佳正|2018春|megalobox,https://chii.in/subject/227718
286,363,662,機動戦士ガンダム00,机动战士高达00,2007,7.6,6136,高达|GUNDAM|SUNRISE|水岛精二|机动战士高达00|TV|我就是高达|2007|原创|機動戦士ガンダムOO|蛋蛋|萝卜|机战|宫野真守|科幻|2007年10月|神谷浩史|神棍|黑田洋介|日本|战斗|战争|水島精二|川井宪次|黒田洋介|杯具|富野由悠季|川井憲次|热血|2007年,https://chii.in/subject/286
214799,364,663,宝石の国,宝石之国,2017,7.6,11288,漫画改|奇幻|3D|2017年10月|TV|战斗|orange|宝石之国|2017|漫改|京極尚彦|百合|声优阵容炸裂|オレンジ|京极尚彦|日本|致郁|2017年|市川春子|剧情|成长|大野敏哉|黑泽朋世|治愈|茅野爱衣|漫画改编|小松未可子|黒沢ともよ|季番|催泪,https://chii.in/subject/214799
283,365,664,みなみけ,南家三姐妹,2007,7.6,6691,南家三姐妹|搞笑|日常|TV|2007年10月|喜剧|校园|茅原实里|2007|恶搞|漫画改|超欢乐|呆毛|童梦|水滴嘴|休闲小品|漫改|みなみけ|太田雅彦|伪娘|日本|童夢|生活|治愈|番长|佐藤利奈|井上麻里奈|萌|2007年|吐槽,https://chii.in/subject/283
185943,366,666,終末なにしてますか？ 忙しいですか？ 救ってもらっていいですか？,末日时在做什么？有没有空？可以来拯救吗？,2017,7.6,13069,轻小说改|致郁|恋爱|2017年4月|奇幻|TV|治愈|Satelight|催泪|轻改|2017|枯野瑛|C2C|小说改|和田純一|战斗|加藤達也|日本|异世界|サテライト|珂朵莉|和田纯一|悲剧|末日|2017年|末日三问|末世|萝莉|末日时在做什么？有没有空？可以来拯救吗？|爱情,https://chii.in/subject/185943
236020,367,672,あそびあそばせ,来玩游戏吧,2018,7.6,5932,搞笑|颜艺|2018年7月|日常|漫画改|TV|Lerche|校园|2018|漫改|百合|岸誠二|岸诚二|来玩游戏吧|小原好美|日本|沙雕|轻百合|2018年|木野日菜|柿原優子|喜剧|ラルケ|游戏三人娘|TVA|季番|吐槽|电波|柿原优子|涼川りん,https://chii.in/subject/236020
85204,370,678,生徒会役員共*,妄想学生会＊,2014,7.6,8013,黄段子|搞笑|吐槽|2014年1月|妄想学生会|漫画改|校园|TV|GoHands|黄段子学生会|2014|下限|糟糕|后宫|日笠阳子|漫改|日常|日本|续作|金澤洪充|工口|2014年|金泽洪充|节操|恋爱|第二季|动画|喜剧|syd|季番,https://chii.in/subject/85204
415779,376,690,進撃の巨人 The Final Season 完結編 後編,进击的巨人 最终季 完结篇 后篇,2023,7.6,10062,MAPPA|进击的巨人|战斗|漫画改|热血|TV|2023|2023年10月|战争|漫改|奇幻|剧场版|林祐一郎|谏山创|日本|2023年|续作|神作|泽野弘之|完结|2023年11月|OVA|剧情|一个时代的落幕|濑古浩司|瀬古浩司|那种事情不要啊|日本动画|TVSP|梶裕貴,https://chii.in/subject/415779
302189,379,696,86―エイティシックス―,86 -不存在的战区-,2021,7.6,15666,A-1Pictures|轻小说改|科幻|战斗|泽野弘之|2021年4月|战争|TV|机战|轻改|2021|恋爱|小说改|石井俊匡|日本|大野敏哉|催泪|86|热血|長谷川育美|2021年|萝卜|治愈|神作|-86-eightsix-|奇幻|日漫|机甲|长谷川育美|剧情,https://chii.in/subject/302189
2782,380,697,NARUTO -ナルト- 疾風伝,火影忍者疾风传,2007,7.6,7626,NARUTO|热血系|热血|民工动漫|TV|集英社|战斗|漫画改|2007|JUMP|儿子等爹死了把火影的大结局烧给我吧|漫改|StudioPierrot|火影忍者|日本|火影|儿子等娘死了把火影的大结局烧给我吧|民工|什么鸣雏啊明明是鸣佐|长篇|童年|奇幻|2007年2月|小丑社|忍者|2007年1月|ぴえろ|岸本齐史|民工漫|PIERROT,https://chii.in/subject/2782
3425,385,711,NARUTO -ナルト-,火影忍者,2002,7.6,8671,火影|NARUTO|热血|战斗|JUMP|民工|TV|热血系|漫画改|2002|忍者|StudioPierrot|漫改|鸣人|一吻定情|日本|少年向|童年|火影忍者|2002年10月|鸣佐|奇幻|长篇|热血少年|连载|佐鸣|小丑社|ぴえろ|2002年|日本动画,https://chii.in/subject/3425
378862,387,714,お兄ちゃんはおしまい！,别当欧尼酱了！,2023,7.6,17755,性转|日常|搞笑|百合|StudioBind|2023年1月|漫画改|TV|漫改|2023|老夫也好想变成女孩子和女孩子贴贴|萌系|藤井慎吾|日本|今村亮|轻百合|萌|治愈|校园|萝莉|横手美智子|萌豚|轻百|2023年|作画|一迅社|废萌|喜剧|变百|别当欧尼酱了,https://chii.in/subject/378862
2790,388,715,君に届け,好想告诉你,2009,7.6,5798,纯爱|校园|能登麻美子|好想告诉你|少女向|治愈|2009年10月|治愈清新|恋爱|TV|好想急死你|2009|浪川大辅|I.G|漫画改|ProductionI.G|治愈系|Production.I.G|君届|贞子|漫改|純愛|青春|校園|少女|日本|日常|中村悠一|君に届け|鏑木ひろ,https://chii.in/subject/2790
316247,398,738,Re:ゼロから始める異世界生活 2nd season 後半クール,Re：从零开始的异世界生活 第二季 后半部分,2021,7.6,12406,异世界|轻小说改|2021年1月|轮回|奇幻|TV|WHITEFOX|穿越|WHITE-FOX|2021|战斗|轻改|小说改|续集|日本|渡邊政治|恋爱|Re:从零开始异世界生活|后宫|续作|Re:ゼロから始める異世界生活|渡边政治|re0|Re：从零开始的异世界生活|冒险|热血|2021年|长月达平|WHITE_FOX|高橋李依,https://chii.in/subject/316247
20547,399,739,WORKING'!!,迷糊餐厅 第二季,2011,7.6,5706,搞笑|WORKING|轻喜剧|2011年10月|A-1Pictures|TV|福山润|日常|漫画改|2011|神谷浩史|亚麻大|恋爱|男性恐惧症|没有萨满汪汪|漫改|萝莉控|打工|职场|十月番|阿澄佳奈|日本|大槻敦史|小野大辅|治愈|欢乐|迷糊餐厅|萌|A-1|中村出现了,https://chii.in/subject/20547
334,401,742,フルメタル・パニック!,全金属狂潮,2002,7.6,5730,全金属狂潮|GONZO|TV|贺东招二|2002|科幻|萝卜|轻小说改|军事狂，无常识|雪野五月|机战|2002年1月|关智一|纸扇|小说改|轻改|千明孝一|全金属狂潮1|搞笑|校园|SF|日本|战斗|角川书店|京阿尼|2002年|全金|恋爱|机器人|半年番,https://chii.in/subject/334
265708,406,749,女子高生の無駄づかい,女高中生的无所事事,2019,7.6,11494,搞笑|日常|校园|2019年7月|漫画改|沙雕|TV|Passione|2019|漫改|百合|女高中生的无所事事|日本|さんぺい聖|赤﨑千夏|治愈|青春|轻百合|三瓶圣|2019年|高桥丈夫|吐槽|户松遥|横谷昌宏|有趣的女人|2019夏|丰崎爱生|动画|パッショーネ|喜剧,https://chii.in/subject/265708
262940,407,750,とある科学の超電磁砲T,某科学的超电磁炮T,2020,7.6,12144,J.C.STAFF|某科学的超电磁炮|战斗|校园|2020年1月|漫画改|TV|百合|2020|魔法禁书目录|科幻|漫改|长井龙雪|外传|日本|续篇|炮姐|奇幻|超能力|御坂美琴|日常|续作|超电磁炮|轻小说改|轻百合|轻改|長井龍雪|热血|少年向|搞笑,https://chii.in/subject/262940
243916,409,760,約束のネバーランド,约定的梦幻岛,2019,7.6,11760,悬疑|CloverWorks|2019年1月|漫改|智斗|漫画改|TV|冒险|2019|JUMP|奇幻|noitaminA|神戸守|孩子们的冒险|邪道|日本|约定的梦幻岛|神户守|大野敏哉|剧情|2019年|热血|猎奇|动画|内田真礼|科幻|神作|日本动画|致郁|战斗,https://chii.in/subject/243916
1851,413,772,Angel Beats!,天使的心跳！,2010,7.6,22553,麻枝准|key|AngleBeats!|P.A.WORKS|原创|2010年4月|TV|治愈|催泪|2010|校园|神谷浩史|花泽香菜|奇幻|香菜|伪团长|死后的团长|AB|恋爱|殴打天使|日本|搞笑|岸诚二|战斗|Angel|岸誠二|日常|2010年|麻麻麻麻麻麻麻枝准|Beats,https://chii.in/subject/1851
8081,415,775,荒川アンダー ザ ブリッジ×ブリッジ,荒川爆笑团2,2010,7.6,5590,新房昭之|荒川爆笑团|搞笑|电波系|SHAFT|神谷浩史|2010年10月|TV|2010|坂本真綾|杉田智和|招兵买马|漫画改|第二季|日常|电波|子安武人|小珊|漫改|2010-10月番|恋爱|日本|吐槽|笑得肚子疼|治愈|坂本真绫|中村光|续作|中村悠一|十月番,https://chii.in/subject/8081
51928,417,778,とある科学の超電磁砲S,某科学的超电磁炮S,2013,7.6,17312,J.C.STAFF|炮姐|超电磁炮|2013年4月|百合|御坂美琴|校园|TV|轻小说改|战斗|漫画改|2013|黑子|长井龙雪|科幻|花泽香菜|漫改|魔法禁书目录|日本|超能力|某科学的超电磁炮|奇幻|轻改|日常|豊崎愛生|轻百合|续作|長井龍雪|热血|佐藤利奈,https://chii.in/subject/51928
444557,421,783,無職転生Ⅱ ～異世界行ったら本気だす～ 第2クール,无职转生 第二季 ～到了异世界就拿出真本事～ 第2部分,2024,7.6,13170,异世界|轻小说改|2024年4月|StudioBind|后宫|奇幻|无职转生|TV|战斗|2024|轻改|穿越|续作|小说改|冒险|日本|無職轉生|恋爱|渋谷亮介|平野宏树|涩谷亮介|亲情|转生|成长|大野敏哉|2024年|魔法|热血|校园|日常,https://chii.in/subject/444557
10440,424,790,あの日見た花の名前を僕達はまだ知らない。,我们仍未知道那天所看见的花的名字。,2011,7.6,26280,治愈|催泪|友情|あの日見た花の名前を僕達はまだ知らない|2011年4月|A-1Pictures|原创|TV|伤感|2011|あの花|noitaminA|恋爱|A-1|长井龙雪|日本|櫻井孝宏|冈田麿里|青春|岡田麿里|四月番|未闻花名|入野自由|長井龍雪|冈田磨里|日常|茅野爱衣|2011年|奇幻|神作,https://chii.in/subject/10440
183878,426,792,ヴァイオレット・エヴァーガーデン,紫罗兰永恒花园,2018,7.6,21202,京阿尼|轻小说改|紫罗兰永恒花园|治愈|2018年1月|TV|京都动画|奇幻|石立太一|2018|轻改|日常|小说改|京都アニメーション|日本|催泪|文库唯一大赏|恋爱|吉田玲子|2018年|石川由依|单元剧|战争|京都|神作|成长|剧情|子安武人|人类圣经|爱情,https://chii.in/subject/183878
5649,429,802,生徒会役員共,妄想学生会,2010,7.5,10113,黄段子|吐槽|搞笑|2010年7月|學生會|TV|工口|黄段子学生会|GoHands|漫画改|校园|2010|日常|女校什么的太邪恶了|日笠阳子|糟糕|脑补|漫改|超M会长|妄想学生会|学生会|糟糕物可能|日本|后宫|金澤洪充|2010年|浅沼晋太郎|金泽洪充|氏家ト全|节操,https://chii.in/subject/5649
331480,431,805,明日ちゃんのセーラー服,明日同学的水手服,2022,7.5,7060,CloverWorks|日常|百合|校园|2022年1月|漫画改|TV|治愈|2022|青春|漫改|黒木美幸|河野恵美|博|福島祐一|日本|轻百合|少女|2022年|水手服|黑木美幸|山崎莉乃|青年向|日本动画|TVA|美少女|明日同学的水手服|轻百|村上まなつ|2020s,https://chii.in/subject/331480
274234,432,807,小林さんちのメイドラゴンS,小林家的龙女仆S,2021,7.5,13537,京阿尼|日常|搞笑|2021年7月|百合|TV|小林家的龙女仆|漫画改|漫改|京都动画|2021|武本康弘|石原立也|萌|日本|奇幻|京都アニメーション|治愈|轻百合|续作|战斗|小林家的妹抖龙|2021年|喜剧|萌系|山田由香|未定档|轻百|京都|TVA,https://chii.in/subject/274234
509297,434,817,ウマ娘 シンデレラグレイ,赛马娘 芦毛灰姑娘,2025,7.5,8379,赛马娘|运动|CygamesPictures|2025年4月|漫画改|TV|热血|励志|日本|2025|漫改|偶像|伊藤祐毅|久住太阳|金田一士|竞技|百合|cygames|三浦武弘|2025年|校园|小栗帽|みうらたけひろ|神作|日常|轻百合|游戏改|原创|续作|2025春,https://chii.in/subject/509297
514358,436,820,CITY THE ANIMATION,小城日常,2025,7.5,7638,京阿尼|日常|2025年7月|漫画改|TV|搞笑|京都动画|2025|石立太一|日本|电波|漫改|京都アニメーション|青年向|新井圭一|治愈|喜剧|群像|2025年|校园|萌|轻百合|青春|7月|小城日常|石川由依|奇幻|TVA|小松未可子|豊崎愛生,https://chii.in/subject/514358
199392,443,830,血界戦線 & BEYOND,血界战线 & BEYOND,2017,7.5,6529,BONES|战斗|奇幻|2017年10月|漫画改|TV|血界战线|热血|漫改|2017|续作|搞笑|第二季|高柳滋仁|日本|加茂靖子|群像|2017年|骨头社|日常|单元剧|内藤泰弘|川元利浩|岩崎太整|日本动画|石田彰|中井和哉|季番|燃|科幻,https://chii.in/subject/199392
390555,444,833,New PANTY & STOCKING with GARTERBELT,新 吊带袜天使,2025,7.5,6287,原创|TRIGGER|今石洋之|2025年7月|TV|搞笑|战斗|奇幻|喜剧|吊带袜天使|2025|日本|恶搞|续作|2023|抽象|美式|重口|猎奇|未确定|百合|2025年|未定档|下限|少儿不宜|季番|7月|若林广海|日本动画|2020s,https://chii.in/subject/390555
2585,448,839,とある科学の超電磁砲,某科学的超电磁炮,2009,7.5,22276,J.C.STAFF|炮姐|超电磁炮|百合|御坂美琴|2009年10月|TV|bilibili|战斗|漫画改|黑子|2009|魔法禁书目录|科学超电磁炮|校园|科幻|傲娇娘|漫改|日常|日本|奇幻|长井龙雪|超能力|轻小说改|某科学的超电磁炮|姐控|長井龍雪|轻改|轻百合|热血,https://chii.in/subject/2585
486347,449,840,薬屋のひとりごと 第2期,药屋少女的呢喃 第二季,2025,7.5,6376,推理|2025年1月|悬疑|TV|轻小说改|中国风|TOHOanimationSTUDIO|小说改|日本|2025|恋爱|轻改|OLM|续作|宫廷|日常|悠木碧|筆坂明規|2025年|中华风|笔坂明规|药屋少女的呢喃|东宝|治愈|2025年4月|搞笑|半年番|长沼范裕|漫画改|女性向,https://chii.in/subject/486347
54433,450,842,やはり俺の青春ラブコメはまちがっている。,我的青春恋爱物语果然有问题,2013,7.5,23193,轻小说改|校园|恋爱|我的青春恋爱物语果然有问题|2013年4月|大老师|TV|BrainsBase|2013|早见纱织|轻改|青春|小说改|悠木碧|日本|日常|党争|后宫|渡航|小松未可子|东山奈央|搞笑|吉村愛|吉村爱|春物|2013年|早见沙织|江口拓也|菅正太郎|やなぎなぎ,https://chii.in/subject/54433
95225,451,843,Fate/stay night [Unlimited Blade Works],Fate/stay night [Unlimited Blade Works],2014,7.5,18911,Type-Moon|ufotable|Fate|2014年10月|游戏改|战斗|TV|UBW|FateStayNight|奇幻|GAL改|2014|热血|三浦貴博|日本|fsn|恋爱|三浦贵博|2014年|奈須きのこ|小山力也|奈须蘑菇|植田佳奈|远坂凛|魔法|游改|Saber|期待|川澄绫子|型月,https://chii.in/subject/95225
251831,454,848,斉木楠雄のΨ難 完結編,齐木楠雄的灾难 完结篇,2018,7.5,7251,搞笑|J.C.STAFF|校园|漫画改|2018|TV|超能力|日常|齐木楠雄的灾难|漫改|2018年12月|神谷浩史|OVA|日本|2019年1月|奇幻|吐槽|续作|桜井弘明|SP|樱井弘明|EGGFIRM|2018年|恋爱|JUMP|2018年10月|治愈|茅野爱衣|TVSP|EGG_FIRM,https://chii.in/subject/251831
1444,459,859,咲-Saki-,天才麻将少女,2009,7.5,6656,百合|麻将|GONZO|TV|超能力百合麻雀少女|2009年4月|天才麻将少女|漫画改|2009|外挂|saki|钉宫理惠|萌|巨乳|校园|漫改|小野学|竞技|超能力|热血|麻将少女|日本|植田佳奈|运动|LOLI|轻百合|燃|小清水亚美|日常|2009年,https://chii.in/subject/1444
1010,460,862,機動戦士ガンダム00 セカンドシーズン,机动战士高达00 第二季,2008,7.5,5357,GUNDAM|高达|SUNRISE|機動戦士ガンダムOO|TV|2008|原创|水岛精二|机动战士高达00|蛋蛋|萝卜|神棍|机战|科幻|2008年10月|美丽的中二|神谷浩史|OO|日本|黑田洋介|高达蛋蛋|战斗|宫野真守|2nd|川井宪次|水島精二|战争|黒田洋介|渣作|川井憲次,https://chii.in/subject/1010
11145,463,866,バカとテストと召喚獣にっ!,笨蛋，测验，召唤兽2,2011,7.5,10877,搞笑|秀吉|笨蛋|2011年7月|轻小说改|大沼心|TV|校园|闷声色狼|SILVERLINK.|伪娘|2011|瑞希的料理|后宫|精神食粮|轻改|二期|小说改|恋爱|日常|加藤英美里|日本|笨蛋测验召唤兽|闷骚男|续作|腐向|笨蛋测试召唤兽|2011年|下野紘,https://chii.in/subject/11145
219200,464,869,からかい上手の高木さん,擅长捉弄的高木同学,2018,7.5,10953,恋爱|校园|狗粮|日常|2018年1月|漫画改|TV|擅长调情的西片太太|SHIN-EI|2018|漫改|擅长捉弄的高木同学|搞笑|日本|赤城博昭|TV　|TⅤ|TＶ|青春|纯爱|治愈|高桥李依|シンエイ動画|横手美智子|2018年|甜|高橋李依|梶裕贵|闪光|动画,https://chii.in/subject/219200
296659,465,871,ラブライブ！虹ヶ咲学園スクールアイドル同好会,Love Live! 虹咲学园校园偶像同好会,2020,7.5,5806,偶像|百合|SUNRISE|原创|LoveLive|2020年10月|TV|音乐|校园|2020|扭曲|河村智之|田中仁|ラブライブ|鬼頭明里|LoveLive！|日本|日常|轻百合|2020年|10月|青春|霸权|横田拓己|LoveLive!|夹脚|治愈|サンライズ|季番|TVA,https://chii.in/subject/296659
47889,468,875,凪のあすから,来自风平浪静的明天,2013,7.5,8671,P.A.WORKS|恋爱|原创|冈田麿里|2013年10月|TV|花泽香菜|2013|贵圈真乱|奇幻|NTR|原创动画|校园|青春|胃疼|治愈|日本|2013年10月秋アニメ|逢坂良太|篠原俊哉|扭曲|岡田麿里|来自风平浪静的明天|2013年|日常|茅野爱衣|催泪|石川界人|筱原俊哉|半年番,https://chii.in/subject/47889
2464,470,881,荒川アンダー ザ ブリッジ,荒川爆笑团,2010,7.5,8021,新房昭之|电波|荒川爆笑团|搞笑|2010年4月|神谷浩史|SHAFT|TV|2010|坂本真綾|杉田智和|漫画改|新房式强力吐槽|爆笑|日常|恋爱|电波族|子安武人|漫改|星星|吐槽|日本|中村光|治愈|电波系|2010年|坂本真绫|横山克|日本动画|三重野瞳,https://chii.in/subject/2464
115932,473,892,憑物語,凭物语,2014,7.5,7579,物语系列|新房昭之|SHAFT|西尾维新|轻小说改|TV|2014|2014年12月|奇幻|早见纱织|后宫|OVA|轻改|小说改|神谷浩史|板村智幸|凭物语|日本|2015年1月|恋爱|2014年|物语|吐槽|续作|怪异|校园|搞笑|西尾維新|战斗|TVSP,https://chii.in/subject/115932
4255,477,898,WORKING!!,迷糊餐厅,2010,7.5,6940,搞笑|WORKING|A-1Pictures|2010年4月|TV|福山润|欢乐|日常|神谷浩史|漫画改|2010|萌|小野大辅|恋爱|餐厅|萝莉控|迷你控|漫改|A-1|职场|萌杀|日本|平池芳正|治愈|阿澄佳奈|迷糊餐厅|mini控|2010年|喜多村英梨|福山潤,https://chii.in/subject/4255
312723,479,902,平穏世代の韋駄天達,平稳世代的韦驮天们,2021,7.5,5884,MAPPA|战斗|漫画改|2021年7月|奇幻|TV|猎奇|2021|漫改|クール教信者|智斗|城所聖明|noitaminA|瀬古浩司|日本|城所圣明|堀江由衣|搞笑|天原|血腥|热血|2021年|平稳世代的韦驮天们|濑古浩司|2021夏|季番|日本动画|出羽良彰|8分|朴璐美,https://chii.in/subject/312723
12,483,908,ちょびっツ,人形电脑天使心,2002,7.5,5248,CLAMP|人形电脑天使心|MADHouse|TV|叽|2002|治愈|chobits|漫画改|恋爱|田中理惠|小叽|科幻|Chobits~初次感动~|启动键|萝莉|日常|漫改|浅香守生|2002年4月|日本|ちぃ|杉田智和|搞笑|2002年|S田|童年|半年番|萌|动画,https://chii.in/subject/12
22759,484,911,花咲くいろは,花开伊吕波,2011,7.5,12375,P.A.WORKS|治愈|花咲くいろは|原创|2011年4月|TV|信PA得画质|2011|能登麻美子|日常|豊崎愛生|户松遥|职场|伊藤加奈惠|青春|励志|安藤真裕|2010年4月|四月番|日本|冈田麿里|岡田麿里|恋爱|小见川千明|花开伊吕波|百合|岸田梅尔|2011年|丰崎爱生|孝哥,https://chii.in/subject/22759
109386,485,913,Fate/stay night [Unlimited Blade Works] 2ndシーズン,Fate/stay night [Unlimited Blade Works] 第二季,2015,7.5,17836,Type-Moon|Fate|ufotable|战斗|游戏改|2015年4月|TV|奇幻|UBW|GAL改|2015|蘑菇|热血|日本|游戏改编|2015年|恋爱|三浦貴博|三浦贵博|动画|奈须蘑菇|奈須きのこ|续作|FateStayNight|型月|植田佳奈|游改|诹访部顺一|远坂凛|深澤秀行,https://chii.in/subject/109386
123568,493,925,ご注文はうさぎですか？？,请问您今天要来点兔子吗？？,2015,7.5,8042,百合|芳文社|萝莉|治愈|2015年10月|漫画改|日常|WHITEFOX|萌|TV|请问您今天要来点兔子吗？|2015|漫改|萌系|佐仓绫音|轻百合|日本|KINEMACITRUS|萌豚|续作|橋本裕之|LOLI|桥本裕之|2015年|搞笑|轻百|内田真礼|水濑祈|废萌|KINEMA_CITRUS,https://chii.in/subject/123568
1451,494,926,東のエデン,东之伊甸,2009,7.5,5146,東之伊甸|神山健治|Production.I.G|I.G|TV|川井宪次|原创|2009年4月|2009|羽海野千花|神作|黑马|白码王子|ProductionI.G|科幻|Production|悬疑|noitaminA|2009年四月番|木村良平|森田|日本|早见沙织|东之伊甸|动画|2009年|剧情|恋爱|Production_I.G|四月新番,https://chii.in/subject/1451
285776,497,932,ID:INVADED イド：インヴェイデッド,异度侵入,2020,7.5,15047,原创|悬疑|推理|2020年1月|科幻|TV|NAZ|2020|舞城王太郎|青木英|犯罪|津田健次郎|原创动画|日本|あおきえい|2020年|奇幻|异度侵入|剧情|智斗|战斗|2020冬|季番|催泪|动画|日本动画|碇谷敦|小玉有起|2020s|热血,https://chii.in/subject/285776
272510,502,945,まちカドまぞく,街角魔族,2019,7.5,10964,芳文社|百合|日常|J.C.STAFF|搞笑|2019年7月|漫画改|轻百合|TV|2019|魔法少女|漫改|废萌|樱井弘明|小原好美|日本|萌|奇幻|校园|街角魔族|治愈|桜井弘明|萌豚|2019年|萌系|轻百|鬼头明里|季番|喜剧|きらら,https://chii.in/subject/272510
489820,503,946,らんま1/2,乱马1/2,2024,7.5,5596,恋爱|2024年10月|MAPPA|漫画改|搞笑|性转|TV|日常|高桥留美子|2024|奇幻|重制|日本|漫改|宇田钢之介|战斗|校园|宇田鋼之介|喜剧|乱马|2024年|季番|乱马1|2|青春|追番|经典|林原めぐみ|TVA|重置,https://chii.in/subject/489820
467461,505,948,ダンダダン,胆大党,2024,7.5,15364,战斗|漫画改|奇幻|2024年10月|ScienceSARU|TV|牛尾宪辅|怪谈|日本|2024|漫改|猎奇|科幻|山代风我|搞笑|恋爱|濑古浩司|少年向|校园|热血|山代風我|超能力|胆大党|科学猴|若山诗音|2024年|瀬古浩司|青春|JUMP|サイエンスSARU,https://chii.in/subject/467461
296367,510,955,SSSS.DYNAZENON,SSSS.电光机王,2021,7.5,11974,TRIGGER|原创|恋爱|特摄|2021年4月|TV|战斗|JK|雨宮哲|萝卜|2021|机战|科幻|雨宫哲|日本|長谷川圭一|校园|热血|日本动画|2021年|特摄改|青春|DK|奇幻|纯爱|SSSS.GRIDMAN|ssss|扳机社|长谷川圭一|榎木淳弥,https://chii.in/subject/296367
148726,511,957,灰と幻想のグリムガル,灰与幻想的格林姆迦尔,2016,7.5,8201,A-1Pictures|轻小说改|奇幻|异世界|2016年1月|TV|战斗|灰与幻想的格林姆迦尔|轻改|2016|中村亮介|十文字青|穿越|小说改|日本|冒险|治愈|小松未可子|成长|日常|A-1_Pictures|2016年|恋爱|励志|细谷佳正|吉野裕行|A-1|动画|季番|真实,https://chii.in/subject/148726
326895,512,963,サマータイムレンダ,夏日重现,2022,7.5,19191,悬疑|轮回|漫画改|2022年4月|奇幻|TV|战斗|漫改|OLM|2022|智斗|夏日重现|渡边步|濑古浩司|日本|恋爱|渡辺歩|日本动画|推理|2022年|剧情|热血|半年番|穿越|田中靖規|瀬古浩司|花江夏树|神作|追番|2022年7月,https://chii.in/subject/326895
420628,513,964,薬屋のひとりごと,药屋少女的呢喃,2023,7.5,10773,推理|2023年10月|轻小说改|TV|中国风|悠木碧|2023|OLM|TOHOanimationSTUDIO|悬疑|轻改|治愈|小说改|日本|恋爱|東宝|宫廷|日常|長沼範裕|2023年|搞笑|长沼范裕|药屋少女的呢喃|中华风|漫画改|古风|奇幻|女性向|2024|国风,https://chii.in/subject/420628
528438,522,985,フードコートで、また明日。,明天，美食广场见。,2025,7.5,6067,日常|漫画改|2025年7月|TV|花田十辉|百合|AtelierPontdarc|搞笑|2025|日本|漫改|校园|JK|轻百合|古贺一臣|2025年|空气系|治愈|古賀一臣|轻百|吐槽|花田十輝|7月|美食|青山吉能|奇幻|聊天|TVA|Atelier_Pontdarc|喜剧,https://chii.in/subject/528438
471793,527,991,君のことが大大大大大好きな100人の彼女 第2期,超超超超超喜欢你的100个女朋友 第二季,2025,7.5,6402,后宫|恋爱|搞笑|漫画改|2025年1月|TV|校园|逆天|BiburyAnimationStudios|2025|日本|整活|漫改|续作|佐藤光|日常|Bibury|百合|纯爱|未确定|喜剧|未定|抽象|2025年|扭曲|原创|超超超超超喜欢你的100个女朋友|卖肉|バイブリーアニメーションスタジオ|未定档,https://chii.in/subject/471793
524707,534,1006,わたしが恋人になれるわけないじゃん、ムリムリ！（※ムリじゃなかった!?）,我们不可能成为恋人！绝对不行。 (※似乎可行？),2025,7.5,10143,百合|后宫|校园|喜剧|恋爱|2025年7月|TV|studioMOTHER|轻小说改|小说改|2025|搞笑|日本|轻改|内沼菜摘|日常|BB|荒川稔久|2025年|青春|真百合|真百|女同|粉毛|恋人不行|党争|7月|TVA|studio_MOTHER|漫改,https://chii.in/subject/524707
278826,542,1025,Re:ゼロから始める異世界生活 2nd season,Re：从零开始的异世界生活 第二季,2020,7.4,14497,异世界|轻小说改|WHITEFOX|2020年7月|奇幻|TV|Re:ゼロから始める異世界生活|轮回|战斗|轻改|2020|后宫|小说改|日本|穿越|恋爱|续作|Re:从零开始异世界生活|2020年4月|渡邊政治|渡边政治|冒险|悬疑|re0|热血|Re：从零开始的异世界生活|2020年|WHITE_FOX|长月达平|横谷昌宏,https://chii.in/subject/278826
309,544,1029,true tears,真实之泪,2008,7.4,7084,P.A.WORKS|真实之泪|校园|党争|TV|三角|养女|原创|2008年1月|恋爱|2008|养鸡女|爱情|True_Tears|PAWorks|养鸡党|冈田麿里|名塚佳织|青春|西村纯二|岡田麿里|日本|西村純二|韩剧|治愈|冈田磨里|GAL改|TT|游戏改|真实,https://chii.in/subject/309
37694,546,1038,To LOVEる-とらぶる-ダークネス,出包王女Darkness,2012,7.4,5660,后宫|卖肉|出包王女Darkness|2012年10月|TV|XEBEC|漫画改|ToLoveる|2012|肉|校园|老湿|良心|圣光|漫改|花泽香菜|搞笑|肉番|豊崎愛生|日本|恋爱|续作|日常|ATX|出包王女|奇幻|大槻敦史|矢吹健太朗|ToLove|矢吹健太郎,https://chii.in/subject/37694
140001,550,1046,Re:ゼロから始める異世界生活,Re：从零开始的异世界生活,2016,7.4,22833,轻小说改|异世界|2016年4月|穿越|WHITEFOX|Re:从零开始异世界生活|奇幻|TV|轻改|轮回|2016|战斗|小说改|小林裕介|恋爱|日本|中村悠一|后宫|2016年四月番|渡边政治|長月達平|渡邊政治|高桥李依|2016年|冒险|悬疑|热血|剧情|re0|半年番,https://chii.in/subject/140001
240038,552,1050,青春ブタ野郎はバニーガール先輩の夢を見ない,青春猪头少年不会梦到兔女郎学姐,2018,7.4,23381,恋爱|轻小说改|校园|CloverWorks|2018年10月|青春|TV|鴨志田一|奇幻|轻改|2018|小说改|种崎敦美|日本|石川界人|増井壮一|治愈|日常|后宫|搞笑|鸭志田一|青春猪头少年系列|2018年|增井壮一|横谷昌宏|科幻|纯爱|催泪|TV　|TＶ,https://chii.in/subject/240038
168204,557,1065,宇宙パトロールルル子,宇宙巡警露露子,2016,7.4,5113,TRIGGER|今石洋之|泡面番|原创|搞笑|TV|2016年4月|2016|恋爱|宇宙巡警露露子|泡面|雨宫哲|M·A·O|日本|2016年|战斗|原创动画|科幻|热血|雨宮哲|neta|扳机社|电波|日常|日本动画|脑洞|萌|TVA|榎木淳弥|喜剧,https://chii.in/subject/168204
179949,558,1066,小林さんちのメイドラゴン,小林家的龙女仆,2017,7.4,21636,京阿尼|日常|搞笑|百合|2017年1月|漫画改|TV|小林家的妹抖龙|京都动画|武本康弘|2017|漫改|萌|萌系|京都|日本|萌豚|治愈|奇幻|轻百合|京都アニメーション|小林家的龙女仆|2017年|门胁未来|废萌|喜剧|轻百|女仆|山田由香|田村睦心,https://chii.in/subject/179949
105075,559,1069,血界戦線,血界战线,2015,7.4,9297,BONES|漫画改|2015年4月|战斗|TV|血界战线|奇幻|2015|漫改|热血|松本理惠|石田彰|中井和哉|搞笑|内藤泰弘|日本|阪口大助|松本理恵|钉宫理惠|骨头社|古家和尚|日常|2015年|科幻|川元利浩|群像|日本动画|燃|岩崎太整|季番,https://chii.in/subject/105075
41488,565,1084,さくら荘のペットな彼女,樱花庄的宠物女孩,2012,7.4,18033,J.C.STAFF|校园|樱花庄的宠物女孩|轻小说改|恋爱|治愈|2012年10月|TV|励志|茅野爱衣|2012|松冈祯丞|冈田麿里|轻改|小说改|轻小说|青春|日常|日本|鸭志田一|搞笑|石塚敦子|后宫|2012十月番|党争|岡田麿里|2012年|いしづかあつこ|催泪|鴨志田一,https://chii.in/subject/41488
208908,566,1089,NEW GAME!!,,2017,7.4,7392,芳文社|百合|动画工房|职场|2017年7月|日常|漫画改|TV|萌豚|2017|萌|漫改|NEWGAME|游戏制作|藤原佳幸|轻百合|日本|動画工房|搞笑|治愈|续作|志茂文彦|2017年|萌系|轻百|日笠阳子|茅野爱衣|高田忧希|茅野愛衣|得能正太郎,https://chii.in/subject/208908
64140,567,1094,ログ・ホライズン,记录的地平线,2013,7.4,6696,轻小说改|网游|2013年10月|记录的地平线|TV|奇幻|Satelight|战斗|2013|异世界|橙乃ままれ|轻改|高梨康治|卫星社|小说改|轻小说|穿越|日本|石平信司|寺岛拓笃|游戏|前野智昭|2013年|冒险|智斗|群像|サテライト|加藤英美里|NHK|半年番,https://chii.in/subject/64140
102134,576,1113,やはり俺の青春ラブコメはまちがっている。続,我的青春恋爱物语果然有问题 续,2015,7.4,18351,轻小说改|恋爱|校园|我的青春恋爱物语果然有问题|2015年4月|大老师|Feel.|TV|2015|轻改|早见沙织|东山奈央|后宫|青春|小说改|日本|日常|党争|及川啓|渡航|续作|及川启|2015年|搞笑|春物|佐仓绫音|菅正太郎|江口拓也|悠木碧|季番,https://chii.in/subject/102134
805,586,1132,瀬戸の花嫁,濑户的花嫁,2007,7.4,5158,搞笑|瀬戸の花嫁|人鱼|GONZO|TV|2007年4月|仁侠|恶搞|岸诚二|漫画改|黑道|恋爱|2007|AIC|漫改|后宫|瀬戸嫁|校园|kuso|日常|日本|最萌|奇幻|2007年|最萌2007推荐|岸誠二|终结者|颜艺|濑户的花嫁|爆笑,https://chii.in/subject/805
3326,588,1135,バカとテストと召喚獣,笨蛋，测验，召唤兽,2010,7.4,13332,搞笑|笨蛋测验召唤兽|轻小说改|校园|秀吉|2010年1月|TV|大沼心|性别秀吉|2010|SILVERLINK.|伪娘|日常|萌|笨蛋|轻改|小说改|废柴男主|恋爱|后宫|轻小说|日本|战斗|2010年|SILVERLINK|加滕英美里|FFF团|召唤|奇幻|下野紘,https://chii.in/subject/3326
29648,590,1141,中二病でも恋がしたい！,中二病也要谈恋爱！,2012,7.4,24989,京阿尼|恋爱|中二病也要谈恋爱|搞笑|轻小说改|校园|2012年10月|中二|TV|京都动画|2012|中二病|福山润|轻改|小说改|花泽香菜|石原立也|日常|日本|青春|我只能呵呵|治愈|花田十辉|京都|京都アニメーション|萌|2012十月番|内田真礼|2012年|纯爱,https://chii.in/subject/29648
150775,592,1144,NEW GAME!,,2016,7.4,9103,芳文社|百合|动画工房|日常|2016年7月|TV|漫画改|职场|萌豚|萌|2016|漫改|動画工房|轻百合|藤原佳幸|志茂文彦|日本|治愈|搞笑|2016年|萌系|NEWGAME|得能正太郎|轻百|日笠阳子|茅野爱衣|new|高田忧希|日笠陽子|茅野愛衣,https://chii.in/subject/150775
106818,595,1147,暗殺教室,暗杀教室,2015,7.4,10792,搞笑|漫画改|校园|2015年1月|暗殺教室|TV|战斗|Lerche|2015|岸诚二|漫改|福山润|治愈|杉田智和|福山潤|日本|日常|逢坂良太|奇幻|热血|上江洲诚|暗杀教室|JUMP|岸誠二|2015年|励志|催泪|成长|杀老师|青春,https://chii.in/subject/106818
808,603,1171,ハヤテのごとく!,旋风管家,2007,7.4,5400,钉宫理惠|旋风管家|搞笑|傲娇|2007年4月|TV|大小姐|漫画改|2007|喜剧|neta|恶搞|欠债管家|钉宫病|后宫|伪娘|SynergySP|ハヤテのごとく！|漫改|钉宫|日本|日常|恋爱|川口敬一郎|最萌|校园|吐槽|伊藤静|J.C.STAFF|动画,https://chii.in/subject/808
2567,604,1172,生徒会の一存,学生会的一己之见,2009,7.4,8136,后宫|吐槽|学生会的一己之见～碧阳学园学生会议事录|轻小说改|TV|2009年10月|校园|生徒会の一存|neta|狗神煌|2009|搞笑|轻小说|神吐槽|studiodeen|学生会|小说改|日常|轻改|学生会的一己之见|日本|佐藤卓哉|恋爱|花田十辉|2009年|STUDIO_DEEN|花田十輝|小红|萌|深夏,https://chii.in/subject/2567
393037,611,1184,義妹生活,义妹生活,2024,7.4,10661,恋爱|轻小说改|2024年7月|兄妹|日常|TV|校园|studiodeen|轻改|2024|妹系|小说改|上野壮大|日本|义妹生活系列|青春|文艺|治愈|2024年|纯爱|空气系|义妹|义妹生活|妹|妹妹|妹控|スタジオディーン|仁井学|広田光毅|STUDIO_DEEN,https://chii.in/subject/393037
211936,613,1188,プリンセス・プリンシパル,Princess Principal,2017,7.4,5456,原创|大河内一楼|百合|2017年7月|TV|Studio3Hz|梶浦由記|谍战|2017|橘正纪|黒星紅白|战斗|Actas|梶浦由记|Studio_3Hz|日本|蒸汽朋克|悬疑|科幻|轻百合|Princess|间谍|奇幻|单元剧|2017年|橘正紀|アクタス|剧情|PrincessPrincipal|TVA,https://chii.in/subject/211936
37154,616,1193,ココロコネクト,心灵链环,2012,7.4,7658,恋爱|恋爱随意链接|校园|2012年7月|轻小说改|TV|大沼心|SILVERLINK.|2012|泽城美雪|京阿尼|轻改|好画风|小说改|沢城みゆき|奇幻|青春|川面真也|日本|山寨轻音部|治愈|日常|漫画改|志茂文彦|2012年|搞笑|SILVER_LINK.|丰崎爱生|七月番|SILVERLINK,https://chii.in/subject/37154
2354,619,1198,DARKER THAN BLACK -流星の双子-,DARKER THAN BLACK -流星的双子-,2009,7.4,5710,BONES|黒の契約者|流星の双子|骨头社|TV|原创|2009年10月|2009|花澤香菜|黑之契约者|战斗|李舜生|黑|银|神作的續集|奇幻|超能力|冈村天斋|DTB|黑之契约者流星の双子|岡村天斎|日本|花泽香菜|流星双子|续作|黑叔|科幻|2009年|萝莉|热血,https://chii.in/subject/2354
487630,621,1201,俺だけレベルアップな件 Season 2 -Arise from the Shadow-,我独自升级 第二季 -起于暗影-,2025,7.4,8791,龙傲天|战斗|漫画改|2025年1月|A-1Pictures|奇幻|TV|韩国|日本|漫改|韩漫|2025|热血|续作|中重俊祐|爽文|异世界|日本动画|泽野弘之|我独自升级|坂泰斗|2025年|厕纸|爽|2024|系统|日番|冒险|韩漫改|装逼,https://chii.in/subject/487630
23686,624,1204,ソードアート・オンライン,刀剑神域,2012,7.4,24385,刀剑神域|轻小说改|SAO|A-1Pictures|后宫|2012年7月|TV|网游|战斗|亚丝娜|川原砾|2012|梶浦由纪|桐人|轻改|小说改|A-1|恋爱|轻小说|日本|奇幻|异世界|伊藤智彦|热血|科幻|ソードアート・オンライン|京阿尼|游戏|2012年|户松遥,https://chii.in/subject/23686
356774,627,1210,よふかしのうた,彻夜之歌,2022,7.4,10310,恋爱|吸血鬼|奇幻|2022年7月|漫画改|TV|LIDENFILMS|漫改|日常|2022|搞笑|雨宫天|板村智幸|日本|noitaminA|横手美智子|彻夜之歌|少年向|2022年|青春|治愈|电波|纯爱|都市|宮西哲也|琴山|夜晚|宫西哲也|日本动画|ライデンフィルム,https://chii.in/subject/356774
99941,630,1219,デュラララ!!×2 承,无头骑士异闻录×2 承,2015,7.4,5474,轻小说改|2015年1月|成田良悟|DRRR！|TV|2015|朱夏|第二季|神谷浩史|电击文库|轻改|奇幻|花泽香菜|大森贵弘|群像|小说改|无头骑士异闻录|福山润|日本|剧情|大森貴弘|续作|战斗|BrainsBase|悬疑|吉森信|デュラララ!!|泽城美雪|群像剧|2015年,https://chii.in/subject/99941
386809,637,1233,【推しの子】,【我推的孩子】,2023,7.4,19932,动画工房|偶像|2023年4月|漫画改|赤坂明|恋爱|悬疑|TV|漫改|2023|转生|平牧大辅|動画工房|日本|田中仁|平牧大輔|党争|复仇|我推的孩子|平山宽菜|搞笑|日常|校园|2023年|奇幻|职场|后宫|高桥李依|赤坂アカ|剧情,https://chii.in/subject/386809
9781,641,1238,GOSICK -ゴシック-,GOSICK,2011,7.4,9715,推理|GOSICK|BONES|骨头社|哥特萝莉在卖萌|2011年1月|萝莉|悠木碧|TV|哥特|2011|恋爱|轻小说改|翻滚中的萝莉|桜庭一樹|小说改|LOLI|轻改|悬疑|日本|2011年1月番|奇幻|沢城みゆき|卖萌|哥特萝莉|萌|冈田麿里|难波日登志|治愈|2011年,https://chii.in/subject/9781
212278,642,1239,Just Because!,,2017,7.4,6915,恋爱|原创|校园|2017年10月|鸭志田一|青春|TV|PINEJAM|2017|比村奇石|胃药|小林敦|比村乳业|原创动画|日本|PINE_JAM|胃疼|党争|治愈|日常|2017年|扭曲|鴨志田一|just|2017年十月番|やなぎなぎ|轻小说改|爱情|季番|2017秋,https://chii.in/subject/212278
88287,651,1254,ご注文はうさぎですか？,请问您今天要来点兔子吗？,2014,7.4,9735,百合|萝莉|芳文社|治愈|2014年4月|日常|漫画改|WHITEFOX|萌|TV|请问您今天要来点兔子吗？|萌系|2014|漫改|佐仓绫音|轻百合|日本|種田梨沙|萌豚|废萌|桥本裕之|轻百|搞笑|橋本裕之|2014年|种田梨沙|WHITE_FOX|内田真礼|点兔|水濑祈,https://chii.in/subject/88287
515880,662,1277,ぐらんぶる Season 2,碧蓝之海 第二季,2025,7.3,7937,搞笑|漫画改|喜剧|2025年7月|日常|TV|颜艺|校园|ZERO-G|日本|碧蓝之海|漫改|2025|青年向|乌龙茶|恋爱|高松信司|续作|Liber|青春|运动|2025年|潜水|未定档|社团|ゼロジー|木村良平|井上坚二|想看|安済知佳,https://chii.in/subject/515880
82322,683,1332,花物語,花物语,2014,7.3,7194,物语系列|新房昭之|SHAFT|西尾维新|轻小说改|TV|2014年7月|2014|花物语|奇幻|百合|泽城美雪|轻改|小说改|OVA|板村智幸|日本|后宫|有生之年|物语|校园|2014年|2014年8月|神谷浩史|恋爱|阿澄佳奈|续作|吐槽|怪异|青春,https://chii.in/subject/82322
7150,684,1333,そらのおとしものf,天降之物f,2010,7.3,6425,后宫|肉|天降之物|天降软妹|2010年10月|TV|卖肉|漫画改|AIC|2010|后宫追加|搞笑|天降后宫|绅士动画|绅士|漫改|人渣树|奇幻|日本|日常|恋爱|肉番|爷爷|战斗|校园|早见沙织|天降小KK|续作|斎藤久|智神,https://chii.in/subject/7150
477207,691,1349,真夜中ぱんチ,深夜重拳,2024,7.3,6866,原创|P.A.WORKS|2024年7月|搞笑|百合|TV|无法预测的命运之舞台|奇幻|2024|日本|本间修|日常|白坂英晃|吸血鬼|本間修|轻百合|自媒体|長谷川育美|职场|2024年|偶像|深夜重拳|2024夏|喜剧|羊宮妃那|长谷川育美|直播|轻百|羊宫妃那|治愈,https://chii.in/subject/477207
132734,692,1350,冴えない彼女の育てかた ♭,路人女主的养成方法 ♭,2017,7.3,14549,A-1Pictures|轻小说改|后宫|恋爱|2017年4月|丸户史明|路人女主的养成方法|TV|党争|2017|轻改|深崎暮人|校园|小说改|日本|noitaminA|日常|路人女主|搞笑|青春|龟井干太|亀井幹太|续作|2017年|丸戸史明|松冈祯丞|加藤惠|A-1_Pictures|茅野爱衣|卖肉,https://chii.in/subject/132734
373267,693,1358,SPY×FAMILY 第2クール,间谍过家家 第2部分,2022,7.3,13945,搞笑|日常|2022年10月|WITSTUDIO|CloverWorks|漫画改|家庭喜剧|TV|漫改|2022|间谍过家家|治愈|续作|古桥一浩|日本|战斗|家庭|喜剧|古橋一浩|校园|2022年|WIT_STUDIO|早见沙织|亲情|谍战|萌|恋爱|江口拓也|奇幻|动画,https://chii.in/subject/373267
69496,694,1359,WHITE ALBUM2,白色相簿2,2013,7.3,9071,GAL改|恋爱|白色相簿|党争|2013年10月|TV|校园|Satelight|2013|游戏改|脱宅神作|leaf|和纱雪菜两党不能共存|丸户史明|安藤正臣|日本|胃疼|白学|音乐|青春|丸戸史明|白色相簿2|三角恋|2013年|雪菜哭哭哦|后宫|扭曲|生天目仁美|三角|胃药,https://chii.in/subject/69496
273843,695,1360,BEASTARS,动物狂想曲,2019,7.3,8800,orange|2019年10月|动物|TV|恋爱|漫改|校园|3D|漫画改|2019|BEASTARS|悬疑|神前暁|松見真一|日本|奇幻|オレンジ|樋口七海|剧情|furry|松见真一|战斗|神前晓|2019年|漫画改编|2019秋|板垣巴留|社会|季番|动画,https://chii.in/subject/273843
249637,699,1365,私に天使が舞い降りた！,天使降临到了我身边！,2019,7.3,11449,百合|动画工房|萝莉|日常|2019年1月|萌豚|漫画改|TV|萌|搞笑|2019|治愈|漫改|動画工房|日本|平牧大輔|轻百合|LOLI|平牧大辅|萌系|轻百|一迅社|废萌|2019年|山田由香|天使降临到了我身边|校园|上田丽奈|鬼头明里|芳文社,https://chii.in/subject/249637
282372,701,1368,安達としまむら,安达与岛村,2020,7.3,6651,百合|轻小说改|恋爱|2020年10月|校园|入间人间|TV|手冢Production|2020|轻改|日常|安达与岛村|小说改|日本|手塚PRODUCTION|GL|桑原智|治愈|2020年|手塚プロダクション|伊藤美来|青春|真百|大知慶一郎|萌|鬼頭明里|鬼头明里|季番|入間人間|大知庆一郎,https://chii.in/subject/282372
529431,707,1382,ダンダダン 第2期,胆大党 第二季,2025,7.3,8024,战斗|奇幻|漫画改|2025年7月|ScienceSARU|TV|搞笑|2025|日本|漫改|续作|校园|少年向|科幻|山代风我|恋爱|怪谈|热血|牛尾宪辅|胆大党|超能力|山代風我|2025年|2025夏|猎奇|AbelGongora|Gongora|Abel|瀬古浩司|濑古浩司,https://chii.in/subject/529431
2617,715,1399,そらのおとしもの,天降之物,2009,7.3,8456,卖肉|后宫|天降之物|2009年10月|TV|内裤飞行|AIC|漫画改|天降软妹|杀必死|2009|肉|早見沙織|搞笑|绅士|奇幻|漫改|保志総一朗|西瓜|日本|烧钱ED|校园|日常|恋爱|软妹子|肉番|战斗|早见沙织|斎藤久|2009年,https://chii.in/subject/2617
350764,721,1419,鬼滅の刃 無限列車編,鬼灭之刃 无限列车篇,2021,7.3,9629,战斗|热血|ufotable|漫画改|2021年10月|鬼灭之刃|TV|奇幻|2021|漫改|JUMP|剧场版|日本|梶浦由记|续作|外崎春雄|2021年|催泪|石田彰|搞笑|日漫|椎名豪|冒险|日本动画|励志|TVA|undefined|表番|下野紘|鬼滅の刃,https://chii.in/subject/350764
424379,725,1427,君のことが大大大大大好きな100人の彼女,超超超超超喜欢你的100个女朋友,2023,7.3,9995,后宫|恋爱|搞笑|2023年10月|漫画改|逆天|TV|校园|BiburyAnimationStudios|2023|漫改|倒贴|日常|日本|佐藤光|矢野茜|Bibury|纯爱|2023年|恋爱喜剧|喜剧|百合|奇幻|超超超超超喜欢你的100个女朋友|2023年7月|バイブリーアニメーションスタジオ|抽象|卖肉|あおしまたかし|季番,https://chii.in/subject/424379
110048,726,1438,監獄学園,监狱学园,2015,7.3,8189,搞笑|J.C.STAFF|2015年7月|漫画改|肉|TV|水岛努|监狱学园|2015|神谷浩史|校园|漫改|花泽香菜|燃|卖肉|横手美智子|日本|肉番|水島努|热血|智斗|2015年|节操|喜剧|伊藤静|興津和幸|小西克幸|恋爱|铃村健一|日本动画,https://chii.in/subject/110048
146093,730,1449,亜人,亚人,2016,7.3,6277,漫画改|2016年1月|科幻|TV|PolygonPictures|3D|战斗|2016|亜人|亚人|漫改|宮野真守|櫻井孝宏|细谷佳正|安藤裕章|奇幻|日本|桜井画門|悬疑|热血|智斗|2016年|剧情|宫野真守|日本动画|超能力|樱井孝宏|猎奇|濑古浩司|小松未可子,https://chii.in/subject/146093
240039,732,1457,ブギーポップは笑わない,不吉波普不笑,2019,7.3,5880,MADHouse|轻小说改|2019年1月|悬疑|TV|夏目真悟|奇幻|2019|轻改|悠木碧|牛尾憲輔|战斗|世界系|小说改|日本|鈴木智尋|群像|牛尾宪辅|意识流|不吉波普不笑|校园|电波|2019年|剧情|日本动画|2018|上遠野浩平|上远野浩平|科幻|猎奇,https://chii.in/subject/240039
328195,733,1461,鬼滅の刃 遊郭編,鬼灭之刃 游郭篇,2021,7.3,11686,热血|ufotable|战斗|漫画改|鬼灭之刃|TV|2021年10月|2021|奇幻|漫改|JUMP|2021年12月|梶浦由记|日本|外崎春雄|续作|霸权|2022年1月|2021年|搞笑|冒险|2022|椎名豪|日漫|日本动画|季番|梶浦由記|燃|泽城美雪|2020s,https://chii.in/subject/328195
419846,737,1467,陰の実力者になりたくて！ 2nd season,想要成为影之实力者！ 第二季,2023,7.3,9706,异世界|龙傲天|2023年10月|搞笑|轻小说改|战斗|TV|装逼|奇幻|Nexus|2023|后宫|轻改|中西和也|小说改|日本|续集|中二|穿越|续作|想要成为影之实力者|厕纸|转生|误解系|想要成为影之实力者！|校园|2023年|神作|日本动画|加藤還一,https://chii.in/subject/419846
505895,738,1469,ネガポジアングラー,悲喜渔生,2024,7.3,5070,原创|日常|2024年10月|钓鱼|治愈|TV|NUT|2024|日本|钓鱼佬|无法预测的命运之舞台|上村泰|铃木智寻|运动|石川界人|群像|秋季|科普|搞笑|2024年|人生|2024秋|悲喜渔生|鈴木智尋|20年代|TVA|季番|好看|2020s|励志,https://chii.in/subject/505895
536,740,1471,エルフェンリート,妖精的旋律,2004,7.3,6012,血腥|妖精的旋律|暴力美学|猎奇|冈本伦|TV|双重人格|2004|番茄酱|神配乐|漫画改|R18|暴力|2004年7月|Arms|Elfen_Lied|漫改|猫娘|日本|萌|科幻|战斗|OP!|奇幻|致郁|治愈|神户守|神戸守|Elfen|2004年,https://chii.in/subject/536
37137,750,1494,TARI TARI,,2012,7.3,6211,P.A.WORKS|青春|校园|原创|2012年7月|治愈|音乐|TV|2012|TARI_TARI|信PA得画质|早见沙织|高垣彩阳|日常|日本|橋本昌和|励志|桥本昌和|2012夏|関口可奈味|百合|横手美智子|2012年|早見沙織|浜口史郎|TARI|瀬戸麻沙美|高垣彩陽|社团|TVA,https://chii.in/subject/37137
10739,755,1510,神のみぞ知るセカイII,只有神知道的世界 第二季,2011,7.3,6114,只有神知道的世界第二季|攻略之神|2011年4月|后宫|TV|神大人|漫画改|三次元神马的都是浮云|只有神知道的世界|2011|恋爱|Manglobe|卡密撒马|下野紘|校园|漫改|很多萌妹子|搞笑|继续攻略|奇幻|god-only-knows|高柳滋仁|日本|续作|bug魔|日常|早见沙织|仓田英之|2011年|神,https://chii.in/subject/10739
245665,756,1514,鬼滅の刃,鬼灭之刃,2019,7.3,20621,热血|战斗|ufotable|漫改|2019年4月|鬼灭之刃|TV|漫画改|JUMP|2019|奇幻|梶浦由记|日本|外崎春雄|椎名豪|搞笑|2019年|冒险|燃|日本动画|花江夏树|日漫|梶浦由記|半年番|鬼头明里|剧情|吾峠呼世晴|下野紘|花江夏樹|治愈,https://chii.in/subject/245665
75989,757,1515,ラブライブ! 第2期,Love Live! 第二季,2014,7.3,7257,偶像|SUNRISE|校园|音乐|2014年4月|原创|LoveLive!|百合|TV|LoveLive！|2014|花田十辉|青春|萌|校園|LoveLive|京極尚彦|日本|京极尚彦|续作|轻百合|花田十輝|日常|2014年|励志|治愈|室田雄平|日本动画|LL|TVA,https://chii.in/subject/75989
55113,770,1545,たまこまーけっと,玉子市场,2013,7.3,14456,京阿尼|原创|治愈|2013年1月|萌|日常|玉子市场|TV|山田尚子|2013|京都アニメーション|恋爱|乡村爱情|京都动画|京都|玉子超市|日本|校园|原创动画|吉田玲子|青春|搞笑|2013年|一月番|洲崎绫|废萌|萌系|堀口悠纪子|季番|百合,https://chii.in/subject/55113
1600,773,1552,BLEACH,死神,2004,7.3,5254,BLEACH|热血|死神|久保带人|民工|TV|JUMP|漫画改|2004|战斗|斩魄刀|2004年10月|StudioPierrot|不说啥了|漫改|BL—EACH|日本|破面|奇幻|原创中|长篇|假面|ぴえろ|動畫|未知系|2004年|童年|折笠富美子|阿部記之|阿部记之,https://chii.in/subject/1600
402128,774,1557,Fate/strange Fake -Whispers of Dawn-,命运-奇异赝品 黎明低语,2023,7.3,6337,A-1Pictures|Fate|Type-Moon|战斗|轻小说改|奇幻|2023年7月|2023|TV|成田良悟|轻改|小说改|OVA|榎户骏|日本|坂诘嵩仁|剧场版|2022|TVSP|群像|榎戸駿|坂詰嵩仁|泽野弘之|2023年|热血|大東大介|澤野弘之|SP|A-1_Pictures|2022年,https://chii.in/subject/402128
150746,781,1574,この美術部には問題がある！,这个美术社大有问题！,2016,7.3,11007,搞笑|校园|恋爱|日常|漫画改|2016年7月|Feel.|TV|2016|漫改|この美術部には問題がある！|小澤亜李|萌|及川啓|日本|及川启|青春|社团|2016年|治愈|喜剧|小林裕介|东山奈央|纯爱|荒川稔久|小泽亚李|水树奈奈|上坂堇|这个美术社大有问题|いみぎむる,https://chii.in/subject/150746
373247,785,1583,無職転生Ⅱ ～異世界行ったら本気だす～,无职转生 第二季 ～到了异世界就拿出真本事～,2023,7.3,15106,异世界|轻小说改|无职转生|StudioBind|2023年7月|TV|战斗|冒险|后宫|2023|奇幻|轻改|恋爱|小说改|日本|续集|冈本学|穿越|续作|平野宏树|校园|平野宏樹|转生|2023年|未定档|搞笑|热血|日常|神作|成长,https://chii.in/subject/373247
7842,788,1589,侵略!イカ娘,侵略！乌贼娘,2010,7.3,5278,触手娘|治愈|2010年10月|搞笑|TV|萌|水岛努|乌贼娘|萌。萌。萌。|2010|墨汁面|金元寿子|日常|漫画改|大姐是腹黑|田中理惠|萌片|Diomedéa|漫改|Diomedea|乌贼拟人|百合|中村悠一|日本|萌萌萌|横手美智子|水島努|2010年|藤村步|十月番,https://chii.in/subject/7842
272188,794,1596,邪神ちゃんドロップキック’,邪神与厨二病少女’,2020,7.3,5303,搞笑|日常|百合|2020年4月|TV|漫画改|NOMAD|轻百合|2020|漫改|萌|续作|鈴木愛奈|日本|矢野孝典|奇幻|邪神与厨二病少女|喜剧|佐藤光|2020年|轻百|萝莉|纯爱|高岭之花|后宫|玩梗|萌系|猎奇|夹心酱|魔幻,https://chii.in/subject/272188
5653,796,1599,屍鬼,尸鬼,2010,7.3,5856,悬疑|恐怖|尸鬼|小野不由美|2010年7月|TV|2010|内涵|下巴好尖|童梦|小说改|微内涵|藤崎龙|内山昂辉|漫画改|户松遥|轻小说改|猎奇|2010年7月番|日本|人性|童夢|奇幻|noitaminA|致郁|轻改|悠木碧|网野哲郎|アニメ|血腥,https://chii.in/subject/5653
332261,801,1616,ジョジョの奇妙な冒険 ストーンオーシャン,JOJO的奇妙冒险 石之海,2022,7.2,9589,JOJO|战斗|荒木飞吕彦|热血|TV|2022年1月|漫画改|davidproduction|漫改|2022|智斗|奇幻|石之海|大卫社|JOJO的奇妙冒险|日本|2021|加藤敏幸|david_production|续作|冒险|续篇|Netflix|荒木飛呂彦|小林靖子|2022年|david.production|超能力|JUMP|WEB,https://chii.in/subject/332261
411427,804,1627,SPY×FAMILY Season 2,间谍过家家 第二季,2023,7.2,10199,搞笑|日常|2023年10月|CloverWorks|漫画改|WITSTUDIO|家庭喜剧|TV|2023|漫改|间谍过家家|战斗|续集|日本|治愈|SPY×FAMILY|续作|古桥一浩|喜剧|校园|原田孝宏|大河内一楼|古橋一浩|家庭|2023年|京阿尼|亲情|WIT_STUDIO|恋爱|萌,https://chii.in/subject/411427
425591,808,1632,アンデッドガール・マーダーファルス,不死少女 杀人笑剧,2023,7.2,5871,推理|悬疑|2023年7月|TV|奇幻|LapinTrack|小说改|轻小说改|2023|畠山守|轻改|黒沢ともよ|战斗|青崎有吾|小俣真一|日本|高木登|2023年|怪异|黑泽朋世|小中千昭|ラパントラック|剧情|动画|不死少女|TVA|2023夏|季番|日漫|百合,https://chii.in/subject/425591
5976,812,1641,神のみぞ知るセカイ,只有神知道的世界,2010,7.2,8245,只有神知道的世界|后宫|攻陷之神|2010年10月|TV|神大人|漫画改|galgame|恋爱|Manglobe|2010|PFP|下野紘|接吻魔|漫改|校园|神哥哥|搞笑|可疑的肉片|若木民喜|日本|奇幻|高柳滋仁|花泽香菜|日常|2010-10月番|2010年|仓田英之|悠木碧|桂马,https://chii.in/subject/5976
266794,828,1672,Dr.STONE,石纪元,2019,7.2,8481,热血|科学|漫画改|2019年7月|TV|科幻|漫改|JUMP|战斗|2019|TMS|新石纪|搞笑|小林裕介|日本|飯野慎也|科普|奇幻|种田|石纪元|日本动画|TMSEntertainment|饭野慎也|冒险|古川慎|2019年|智斗|半年番|TMS_Entertainment|トムス・エンタテインメント,https://chii.in/subject/266794
333158,832,1679,その着せ替え人形は恋をする,更衣人偶坠入爱河,2022,7.2,16135,恋爱|CloverWorks|校园|2022年1月|漫画改|日常|TV|漫改|2022|cosplay|卖肉|搞笑|梅原翔太|日本|篠原啓輔|福田晋一|青春|纯爱|青年向|更衣人偶坠入爱河|筱原启辅|福利|2022年|冨田頼子|治愈|日本动画|その着せ替え人形は恋をする|辣妹|TVA|肉,https://chii.in/subject/333158
167655,834,1681,幼女戦記,幼女战记,2017,7.2,6850,战争|轻小说改|2017年1月|悠木碧|TV|战斗|穿越|NUT|幼女战记|幼女|2017|专治萝莉控|轻改|异世界|早见沙织|小说改|日本|上村泰|奇幻|萝莉|性转|军事|百合|热血|2017年|龙傲天|历史|小說改|猪原健太|日本动画,https://chii.in/subject/167655
100403,835,1682,冴えない彼女の育てかた,路人女主的养成方法,2015,7.2,19141,轻小说改|A-1Pictures|后宫|丸户史明|2015年1月|校园|路人女主的养成方法|TV|恋爱|深崎暮人|2015|轻改|松冈祯丞|小说改|日本|党争|noitaminA|日常|搞笑|青春|龟井干太|亀井幹太|2015年|茅野爱衣|丸戸史明|萌|A-1_Pictures|加藤惠|圣人惠|A-1,https://chii.in/subject/100403
329906,841,1700,SPY×FAMILY,间谍过家家,2022,7.2,22191,搞笑|WITSTUDIO|日常|家庭喜剧|CloverWorks|漫画改|2022年4月|TV|漫改|2022|治愈|古桥一浩|日本|远藤达哉|间谍过家家|古橋一浩|战斗|家庭|喜剧|2022年|恋爱|萌|早见沙织|校园|种崎敦美|亲情|间谍|WIT_STUDIO|超能力|江口拓也,https://chii.in/subject/329906
491569,843,1704,忍者と殺し屋のふたりぐらし,忍者与杀手二人组的日常生活,2025,7.2,5629,百合|漫画改|2025年4月|SHAFT|日常|喜剧|TV|搞笑|2025|猎奇|日本|漫改|战斗|宫本幸裕|宮本幸裕|轻百合|忍者|2025年|萌|杀手|地狱|轻百|地狱笑话|黑色幽默|忍者与杀手二人组的日常生活|奇幻|季番|TVA|東冨耶子|治愈,https://chii.in/subject/491569
292970,882,1797,魔女の旅々,魔女之旅,2020,7.2,16019,轻小说改|百合|公路片|奇幻|魔法|2020年10月|旅行|TV|C2C|2020|治愈|轻改|小说改|本渡楓|日本|窪岡俊之|日常|轻百合|异世界|公路|魔女之旅|单元剧|魔女|冒险|洼冈俊之|2020年|白毛|萌|致郁|搞笑,https://chii.in/subject/292970
443428,883,1798,【推しの子】 第2期,【我推的孩子】 第二季,2024,7.2,11574,动画工房|2024年7月|漫画改|偶像|恋爱|TV|赤坂明|悬疑|漫改|2024|我推的孩子|续作|复仇|【我推的孩子】|日本|平牧大輔|党争|续集|平牧大辅|動画工房|田中仁|转生|职场|奇幻|日常|2024年|搞笑|未定档|舞台剧|后宫,https://chii.in/subject/443428
40533,886,1808,となりの怪物くん,邻座的怪同学,2012,7.2,8770,校园|2012年10月|恋爱|户松遥|邻座的怪同学|乙女向|TV|少女系|BrainsBase|漫画改|2012|となりの怪物くん|中村悠一|铃木达央|漫改|搞笑|少女向|鈴木達央|日常|少女|日本|青春|治愈|神作|鏑木ひろ|2012年|镝木宏|纯爱|花泽香菜|少女漫,https://chii.in/subject/40533
49294,889,1816,ラブライブ!,Love Live!,2013,7.2,9859,偶像|LoveLive！|SUNRISE|音乐|校园|原创|2013年1月|百合|TV|青春|2013|花田十辉|日升|京極尚彦|日本|矢立肇|LoveLive|轻百合|日常|京极尚彦|花田十輝|LoveLive!|励志|2013年|治愈|三森すずこ|サンライズ|内田彩|邪教,https://chii.in/subject/49294
490,892,1822,灼眼のシャナ,灼眼的夏娜,2005,7.2,9249,钉宫理惠|J.C.STAFF|傲娇|灼眼のシャナ|轻小说改|TV|奇幻|夏娜|2005|灼眼的夏娜|战斗|2005年10月|轻小说|萌|轻改|炎发灼眼|小说改|高橋弥七郎|恋爱|校园|日本|渡部高志|夏娜醬|炎髮灼眼|2005年|热血|傻娜|半年番|小林靖子|萝莉,https://chii.in/subject/490
116461,904,1843,食戟のソーマ,食戟之灵,2015,7.2,8817,美食|J.C.STAFF|2015年4月|漫画改|热血|搞笑|食戟之灵|TV|漫改|2015|松岡禎丞|后宫|校园|樱井孝宏|米谷良知|日本|卖肉|tosh|JUMP|2015年|爆衣|燃|松冈祯丞|竞技|料理|肉|漫畫改|米たにヨシトモ|药王|种田梨沙,https://chii.in/subject/116461
16235,906,1845,未来日記,未来日记,2011,7.2,14960,病娇|未来日记|我妻由乃|2011年10月|猎奇|TV|漫画改|史上最强跟踪狂|2011|病娇女|悬疑|asread|战斗|中二|漫改|石田彰|京阿尼|奇幻|漫画改编|恋爱|我妻有奶|日本|2011年10月番|轮回|细田直人|細田直人|大逃杀|致郁|智斗|アスリード,https://chii.in/subject/16235
280516,907,1846,イエスタデイをうたって,昨日之歌,2020,7.2,5294,恋爱|动画工房|2020年4月|TV|漫画改|胃疼|2020|漫改|青春|冬目景|藤原佳幸|動画工房|日常|谷口淳一郎|日本|花江夏樹|党争|小林親弘|治愈|花泽香菜|2020年|昨日之歌|2020春|胃药|扭曲|日本动画|生活|伊藤良太|季番|动画,https://chii.in/subject/280516
363957,918,1866,Summer Pockets,夏日口袋,2025,7.2,7355,GAL改|key|恋爱|2025年4月|游戏改|TV|Feel.|麻枝准|治愈|2025|日本|奇幻|催泪|小林智树|TV动画|日常|天冲你不要过来啊|未定档|新岛夕|2025年|小林智樹|青春|无法预测的命运之舞台|galgame|夏日口袋|后宫|2025年7月|小原好美|轮回|夏日,https://chii.in/subject/363957
425998,930,1893,Re:ゼロから始める異世界生活 3rd season 襲擊編,Re：从零开始的异世界生活 第三季 袭击篇,2024,7.2,7375,异世界|2024年10月|奇幻|轻小说改|WHITEFOX|战斗|TV|Re：從零開始的異世界生活|冒险|轮回|2024|日本|小说改|轻改|少年向|青年向|续作|恋爱|高橋李依|穿越|催泪|不评论|智斗|Re:从零开始异世界生活|后宫|Re：从零开始的异世界生活|筱原正宽|re0|篠原正寛|热血,https://chii.in/subject/425998
225631,932,1898,ヒナまつり,黑社会的超能力女儿,2018,7.2,9286,搞笑|日常|2018年4月|漫画改|超能力|Feel.|TV|漫改|2018|治愈|黑社会的超能力女儿|奇幻|及川啓|及川启|日本|2018年|亲情|养女儿|黑道|大武政夫|喜剧|吐槽|日本动画|黑社会|大知慶一郎|竹内哲也|超能力女儿|季番|feel|2018春,https://chii.in/subject/225631
369304,934,1906,呪術廻戦 懐玉・玉折／渋谷事変,咒术回战 怀玉･玉折 / 涩谷事变,2023,7.2,9228,MAPPA|战斗|热血|2023年7月|漫画改|TV|奇幻|咒术回战|2023|漫改|JUMP|续作|御所園翔太|日本|中村悠一|御所园翔太|2023年|日本动画|搞笑|濑古浩司|瀬古浩司|作画|半年番|御所圆翔太|日漫|2023年10月|校园|TVA|超能力|第二季,https://chii.in/subject/369304
38040,951,1956,リトルバスターズ！,Little Busters!,2012,7.2,5770,key|J.C.STAFF|GAL改|2012年10月|校园|催泪|TV|key社|2012|游戏改|Busters!|Little|神作|治愈|等得花儿都谢了|緑川光|麻枝准|京阿尼|日本|恋爱|友情|日常|搞笑|山川吉树|山川吉樹|青春|堀江由衣|半年番|2012年|万分给力,https://chii.in/subject/38040
88493,954,1964,一週間フレンズ。,一周的朋友。,2014,7.2,6003,治愈|2014年4月|恋爱|漫画改|校园|TV|一周的朋友|BrainsBase|日常|雨宮天|2014|致郁|漫改|虐男主|細谷佳正|岩崎太郎|日本|青春|催泪|2014年|菅正太郎|纯爱|雨宫天|失忆|Brains･Base|小清新|季番|中原麻衣|治愈系|4月,https://chii.in/subject/88493
